Riviere,ID Riviere,Date,Phase,DJ,Q (m3/s)
Rivière L'Assomption,lassomption,2025-10-15,DJGC,0.0,2.704
Rivière L'Assomption,lassomption,2025-10-16,DJGC,0.0,2.864
Rivière L'Assomption,lassomption,2025-10-17,DJGC,0.0,3.07
Rivière L'Assomption,lassomption,2025-10-18,DJGC,0.0,2.999
Rivière L'Assomption,lassomption,2025-10-19,DJGC,0.0,2.936
Rivière L'Assomption,lassomption,2025-10-20,DJGC,0.0,2.965
Rivière L'Assomption,lassomption,2025-10-21,DJGC,0.0,3.73
Rivière L'Assomption,lassomption,2025-10-22,DJGC,0.0,5.643
Rivière L'Assomption,lassomption,2025-10-23,DJGC,0.0,8.035
Rivière L'Assomption,lassomption,2025-10-24,DJGC,0.0,7.679
Rivière L'Assomption,lassomption,2025-10-25,DJGC,0.0,6.528
Rivière L'Assomption,lassomption,2025-10-26,DJGC,0.0,5.799
Rivière L'Assomption,lassomption,2025-10-27,DJGC,0.0,5.37
Rivière L'Assomption,lassomption,2025-10-28,DJGC,0.0,4.924
Rivière L'Assomption,lassomption,2025-10-29,DJGC,0.0,4.719
Rivière L'Assomption,lassomption,2025-10-30,DJGC,0.0,5.274
Rivière L'Assomption,lassomption,2025-10-31,DJGC,0.0,11.26
Rivière L'Assomption,lassomption,2025-11-01,DJGC,0.0,32.94
Rivière L'Assomption,lassomption,2025-11-02,DJGC,0.0,37.25
Rivière L'Assomption,lassomption,2025-11-03,DJGC,0.0,31.41
Rivière L'Assomption,lassomption,2025-11-04,DJGC,0.0,25.94
Rivière L'Assomption,lassomption,2025-11-05,DJGC,0.0,23.53
Rivière L'Assomption,lassomption,2025-11-06,DJGC,0.0,21.46
Rivière L'Assomption,lassomption,2025-11-07,DJGC,0.0,19.25
Rivière L'Assomption,lassomption,2025-11-08,DJGC,0.0,17.97
Rivière L'Assomption,lassomption,2025-11-09,DJGC,0.8,17.32
Rivière L'Assomption,lassomption,2025-11-10,DJGC,0.6,18.42
Rivière L'Assomption,lassomption,2025-11-11,DJGC,3.3,18.51
Rivière L'Assomption,lassomption,2025-11-12,DJGC,4.0,17.17
Rivière L'Assomption,lassomption,2025-11-13,DJGC,2.7,15.83
Rivière L'Assomption,lassomption,2025-11-14,DJGC,3.0,15.08
Rivière L'Assomption,lassomption,2025-11-15,DJGC,5.5,14.38
Rivière L'Assomption,lassomption,2025-11-16,DJGC,5.7,14.22
Rivière L'Assomption,lassomption,2025-11-17,DJGC,6.0,13.96
Rivière L'Assomption,lassomption,2025-11-18,DJGC,7.5,13.47
Rivière L'Assomption,lassomption,2025-11-19,DJGC,10.2,12.56
Rivière L'Assomption,lassomption,2025-11-20,DJGC,15.0,12.15
Rivière L'Assomption,lassomption,2025-11-21,DJGC,16.3,11.68
Rivière L'Assomption,lassomption,2025-11-22,DJGC,17.5,11.26
Rivière L'Assomption,lassomption,2025-11-23,DJGC,21.9,10.53
Rivière L'Assomption,lassomption,2025-11-24,DJGC,21.2,11.06
Rivière L'Assomption,lassomption,2025-11-25,DJGC,18.2,10.46
Rivière L'Assomption,lassomption,2025-11-26,DJGC,15.9,11.12
Rivière L'Assomption,lassomption,2025-11-27,DJGC,13.6,15.08
Rivière L'Assomption,lassomption,2025-11-28,DJGC,14.5,20.47
Rivière L'Assomption,lassomption,2025-11-29,DJGC,17.6,20.84
Rivière L'Assomption,lassomption,2025-11-30,DJGC,19.5,16.8
Rivière L'Assomption,lassomption,2025-12-01,DJGC,25.6,15.79
Rivière L'Assomption,lassomption,2025-12-02,DJGC,35.8,15.02
Rivière L'Assomption,lassomption,2025-12-03,DJGC,43.5,13.86
Rivière L'Assomption,lassomption,2025-12-04,DJGC,52.5,12.49
Rivière L'Assomption,lassomption,2025-12-05,DJGC,67.1,13.17
Rivière L'Assomption,lassomption,2025-12-06,DJGC,72.3,11.74
Rivière L'Assomption,lassomption,2025-12-07,DJGC,86.8,11.29
Rivière L'Assomption,lassomption,2025-12-08,DJGC,103.8,11.58
Rivière L'Assomption,lassomption,2025-12-09,DJGC,120.4,10.41
Rivière L'Assomption,lassomption,2025-12-10,DJGC,128.2,10.1
Rivière L'Assomption,lassomption,2025-12-11,DJGC,135.5,10.31
Rivière L'Assomption,lassomption,2025-12-12,DJGC,143.6,9.257
Rivière L'Assomption,lassomption,2025-12-13,DJGC,155.5,9.345
Rivière L'Assomption,lassomption,2025-12-14,DJGC,167.2,8.813
Rivière L'Assomption,lassomption,2025-12-15,DJGC,179.6,8.373
Rivière L'Assomption,lassomption,2025-12-16,DJGC,184.4,8.149
Rivière L'Assomption,lassomption,2025-12-17,DJGC,185.8,8.047
Rivière L'Assomption,lassomption,2025-12-18,DJGC,188.9,8.447
Rivière L'Assomption,lassomption,2025-12-19,DJGC,185.2,9.649
Rivière L'Assomption,lassomption,2025-12-20,DJGC,190.1,12.83
Rivière L'Assomption,lassomption,2025-12-21,DJGC,194.6,15.72
Rivière L'Assomption,lassomption,2025-12-22,DJGC,206.3,24.02
Rivière L'Assomption,lassomption,2025-12-23,DJGC,216.1,28.29
Rivière L'Assomption,lassomption,2025-12-24,DJGC,221.3,21.95
Rivière L'Assomption,lassomption,2025-12-25,DJGC,233.2,15.15
Rivière L'Assomption,lassomption,2025-12-26,DJGC,252.5,18.89
Rivière L'Assomption,lassomption,2025-12-27,DJGC,266.8,19.12
Rivière L'Assomption,lassomption,2025-12-28,DJGC,280.8,18.19
Rivière L'Assomption,lassomption,2025-12-29,DJGC,283.2,14.53
Rivière L'Assomption,lassomption,2025-12-30,DJGC,293.9,13.62
Rivière L'Assomption,lassomption,2025-12-31,DJGC,306.5,13.81
Rivière L'Assomption,lassomption,2026-01-01,DJGC,325.0,10.43
Rivière L'Assomption,lassomption,2026-01-02,DJGC,345.6,10.77
Rivière L'Assomption,lassomption,2026-01-03,DJGC,362.3,11.17
Rivière L'Assomption,lassomption,2026-01-04,DJGC,380.2,10.64
Rivière L'Assomption,lassomption,2026-01-05,DJGC,398.5,9.487
Rivière L'Assomption,lassomption,2026-01-06,DJGC,409.0,10.57
Rivière L'Assomption,lassomption,2026-01-07,DJGC,412.4,9.746
Rivière L'Assomption,lassomption,2026-01-08,DJGC,412.3,9.288
Rivière L'Assomption,lassomption,2026-01-09,DJGC,410.3,9.48
Rivière L'Assomption,lassomption,2026-01-10,DJGC,410.0,11.25
Rivière L'Assomption,lassomption,2026-01-11,DJGC,412.7,10.11
Rivière L'Assomption,lassomption,2026-01-12,DJGC,418.7,9.649
Rivière L'Assomption,lassomption,2026-01-13,DJGC,417.7,8.159
Rivière L'Assomption,lassomption,2026-01-14,DJGC,415.0,7.054
Rivière L'Assomption,lassomption,2026-01-15,DJGC,421.5,5.625
Rivière L'Assomption,lassomption,2026-01-16,DJGC,437.0,6.027
Rivière L'Assomption,lassomption,2026-01-17,DJGC,447.5,6.974
Rivière L'Assomption,lassomption,2026-01-18,DJGC,456.3,6.932
Rivière L'Assomption,lassomption,2026-01-19,DJGC,466.2,7.132
Rivière L'Assomption,lassomption,2026-01-20,DJGC,478.2,7.115
Rivière L'Assomption,lassomption,2026-01-21,DJGC,486.9,7.241
Rivière L'Assomption,lassomption,2026-01-22,DJGC,491.4,6.779
Rivière L'Assomption,lassomption,2026-01-23,DJGC,506.1,6.753
Rivière L'Assomption,lassomption,2026-01-24,DJGC,529.5,6.634
Rivière L'Assomption,lassomption,2026-01-25,DJGC,552.3,6.809
Rivière L'Assomption,lassomption,2026-01-26,DJGC,567.0,7.383
Rivière L'Assomption,lassomption,2026-01-27,DJGC,584.0,7.56
Rivière L'Assomption,lassomption,2026-01-28,DJGC,602.2,7.729
Rivière L'Assomption,lassomption,2026-01-29,DJGC,616.3,7.847
Rivière L'Assomption,lassomption,2026-01-30,DJGC,634.6,7.826
Rivière L'Assomption,lassomption,2026-01-31,DJGC,648.1,7.671
Rivière L'Assomption,lassomption,2026-02-01,DJGC,662.5,7.519
Rivière L'Assomption,lassomption,2026-02-02,DJGC,676.1,7.522
Rivière L'Assomption,lassomption,2026-02-03,DJGC,686.0,7.697
Rivière L'Assomption,lassomption,2026-02-04,DJGC,693.8,7.211
Rivière L'Assomption,lassomption,2026-02-05,DJGC,708.6,6.95
Rivière L'Assomption,lassomption,2026-02-06,DJGC,725.2,6.84
Rivière L'Assomption,lassomption,2026-02-07,DJGC,738.8,6.935
Rivière L'Assomption,lassomption,2026-02-08,DJGC,756.6,6.789
Rivière L'Assomption,lassomption,2026-02-09,DJGC,772.3,6.596
Rivière L'Assomption,lassomption,2026-02-10,DJGC,784.8,6.513
Rivière L'Assomption,lassomption,2026-02-11,DJGC,790.5,6.511
Rivière L'Assomption,lassomption,2026-02-12,DJGC,800.1,6.448
Rivière L'Assomption,lassomption,2026-02-13,DJGC,811.7,6.488
Rivière L'Assomption,lassomption,2026-02-14,DJGC,818.9,6.558
Rivière L'Assomption,lassomption,2026-02-15,DJDC-5,0.0,6.566
Rivière L'Assomption,lassomption,2026-02-16,DJDC-5,0.0,6.495
Rivière L'Assomption,lassomption,2026-02-17,DJDC-5,4.0,6.437
Rivière L'Assomption,lassomption,2026-02-18,DJDC-5,1.6,6.478
Rivière L'Assomption,lassomption,2026-02-19,DJDC-5,0.0,6.561
Rivière L'Assomption,lassomption,2026-02-20,DJDC-5,0.0,6.527
Rivière L'Assomption,lassomption,2026-02-21,DJDC-5,0.0,6.603
Rivière L'Assomption,lassomption,2026-02-22,DJDC-5,0.0,6.568
Rivière L'Assomption,lassomption,2026-02-23,DJDC-5,1.2,6.52
Rivière L'Assomption,lassomption,2026-02-24,DJDC-5,0.0,6.488
Rivière L'Assomption,lassomption,2026-02-25,DJDC-5,0.0,6.425
Rivière L'Assomption,lassomption,2026-02-26,DJDC-5,0.0,6.361
Rivière L'Assomption,lassomption,2026-02-27,DJDC-5,0.0,6.489
Rivière L'Assomption,lassomption,2026-02-28,DJDC-5,2.8,6.501
Rivière L'Assomption,lassomption,2026-03-01,DJDC-5,0.0,6.47
Rivière L'Assomption,lassomption,2026-03-02,DJDC-5,0.0,6.354
Rivière L'Assomption,lassomption,2026-03-03,DJDC-5,0.0,6.162
Rivière L'Assomption,lassomption,2026-03-04,DJDC-5,5.4,6.433
Rivière L'Assomption,lassomption,2026-03-05,DJDC-5,6.1,6.145
Rivière L'Assomption,lassomption,2026-03-06,DJDC-5,7.2,6.14
Rivière L'Assomption,lassomption,2026-03-07,DJDC-5,16.3,7.462
Rivière L'Assomption,lassomption,2026-03-08,DJDC-5,26.6,8.053
Rivière L'Assomption,lassomption,2026-03-09,DJDC-5,40.3,9.236
Rivière L'Assomption,lassomption,2026-03-10,DJDC-5,50.6,12.46
Rivière L'Assomption,lassomption,2026-03-11,DJDC-5,53.7,20.38
Rivière L'Assomption,lassomption,2026-03-12,DJDC-5,57.4,24.58
Rivière L'Assomption,lassomption,2026-03-13,DJDC-5,58.9,24.34
Rivière L'Assomption,lassomption,2026-03-14,DJDC-5,60.3,29.8
Rivière L'Assomption,lassomption,2026-03-15,DJDC-5,58.2,29.8
Rivière L'Assomption,lassomption,2026-03-16,DJDC-5,70.0,21.51
Rivière L'Assomption,lassomption,2026-03-17,DJDC-5,70.1,21.65
Rivière L'Assomption,lassomption,2026-03-18,DJDC-5,66.3,36.97
Rivière L'Assomption,lassomption,2026-03-19,DJDC-5,68.3,43.85
Rivière L'Assomption,lassomption,2026-03-20,DJDC-5,69.0,41.65
Rivière L'Assomption,lassomption,2026-03-21,DJDC-5,73.0,35.38
Rivière L'Assomption,lassomption,2026-03-22,DJDC-5,74.7,29.74
Rivière L'Assomption,lassomption,2026-03-23,DJDC-5,76.0,24.6
Rivière L'Assomption,lassomption,2026-03-24,DJDC-5,76.4,21.6
Rivière L'Assomption,lassomption,2026-03-25,DJDC-5,76.4,21.66
Rivière L'Assomption,lassomption,2026-03-26,DJDC-5,79.6,19.81
Rivière L'Assomption,lassomption,2026-03-27,DJDC-5,78.5,18.01
Rivière L'Assomption,lassomption,2026-03-28,DJDC-5,79.833,25.84
Rivière L'Assomption,lassomption,2026-03-29,DJDC-5,82.2,15.69
Rivière L'Assomption,lassomption,2026-03-30,DJDC-5,94.3,15.22
Rivière L'Assomption,lassomption,2026-03-31,DJDC-5,101.1,16.03
Rivière L'Assomption,lassomption,2026-04-01,DJDC-5,106.8,16.76
Rivière L'Assomption,lassomption,2026-04-02,DJDC-5,113.5,18.83
Rivière L'Assomption,lassomption,2026-04-03,DJDC-5,126.0,23.03
Rivière L'Assomption,lassomption,2026-04-04,DJDC-5,134.7,29.91
Rivière L'Assomption,lassomption,2026-04-05,DJDC-5,145.6,52.85
Rivière L'Assomption,lassomption,2026-04-06,DJDC-5,151.2,95.61
Rivière L'Assomption,lassomption,2026-04-07,DJDC-5,153.3,101.9
Rivière L'Assomption,lassomption,2026-04-08,DJDC-5,157.6,90.75
Rivière L'Assomption,lassomption,2026-04-09,DJDC-5,169.8,74.0
Rivière L'Assomption,lassomption,2026-04-10,DJDC-5,181.4,65.83
Rivière L'Assomption,lassomption,2026-04-11,DJDC-5,189.8,66.97
Rivière L'Assomption,lassomption,2026-04-12,DJDC-5,197.4,67.55
Rivière L'Assomption,lassomption,2026-04-13,DJDC-5,213.0,67.17
Rivière L'Assomption,lassomption,2026-04-14,DJDC-5,225.5,97.64
Rivière L'Assomption,lassomption,2026-04-15,DJDC-5,237.4,150.9
Rivière L'Assomption,lassomption,2026-04-16,DJDC-5,249.3,158.8
Rivière L'Assomption,lassomption,2026-04-17,DJDC-5,266.5,154.6
Rivière L'Assomption,lassomption,2026-04-18,DJDC-5,285.5,176.4
Rivière L'Assomption,lassomption,2026-04-19,DJDC-5,297.9,209.0
Rivière L'Assomption,lassomption,2026-04-20,DJDC-5,303.3,228.3
Rivière L'Assomption,lassomption,2026-04-21,DJDC-5,313.729,179.5
Rivière L'Assomption,lassomption,2026-04-22,DJDC-5,324.1,117.5
Rivière L'Assomption,lassomption,2026-04-23,DJDC-5,336.0,93.38
Rivière L'Assomption,lassomption,2026-04-24,DJDC-5,348.429,84.82
Rivière L'Assomption,lassomption,2026-04-25,DJDC-5,357.7,76.09
Rivière L'Assomption,lassomption,2026-04-26,DJDC-5,373.2,68.32
Rivière L'Assomption,lassomption,2026-04-27,DJDC-5,391.3,66.4
Rivière L'Assomption,lassomption,2026-04-28,DJDC-5,410.8,66.11
Rivière L'Assomption,lassomption,2026-04-29,DJDC-5,432.657,66.5
Rivière L'Assomption,lassomption,2026-04-30,DJDC-5,423.4,77.69
Rivière L'Assomption,lassomption,2026-05-01,DJDC-5,434.8,136.9
Rivière L'Assomption,lassomption,2026-05-02,DJDC-5,445.7,129.7
Rivière L'Assomption,lassomption,2026-05-03,DJDC-5,457.4,100.7
Rivière L'Assomption,lassomption,2026-05-04,DJDC-5,471.9,77.59
Rivière L'Assomption,lassomption,2026-05-05,DJDC-5,490.9,65.25
Rivière L'Assomption,lassomption,2026-05-06,DJDC-5,504.1,61.48
Rivière L'Assomption,lassomption,2026-05-07,DJDC-5,517.9,56.16
Rivière L'Assomption,lassomption,2026-05-08,DJDC-5,531.9,49.79
Rivière L'Assomption,lassomption,2026-05-09,DJDC-5,548.3,43.08
Rivière L'Assomption,lassomption,2026-05-10,DJDC-5,564.8,37.39
Rivière L'Assomption,lassomption,2026-05-11,DJDC-5,579.0,36.43
Rivière L'Assomption,lassomption,2026-05-12,DJDC-5,592.3,34.27
Rivière L'Assomption,lassomption,2026-05-13,DJDC-5,606.4,31.34
Rivière L'Assomption,lassomption,2026-05-14,DJDC-5,621.7,31.34
Rivière L'Assomption,lassomption,2026-05-15,DJDC-5,643.469,35.99
Rivière Montmorency,montmorency,2025-10-15,DJGC,0.0,6.733
Rivière Montmorency,montmorency,2025-10-16,DJGC,0.0,6.483
Rivière Montmorency,montmorency,2025-10-17,DJGC,0.0,6.353
Rivière Montmorency,montmorency,2025-10-18,DJGC,0.0,6.224
Rivière Montmorency,montmorency,2025-10-19,DJGC,0.0,7.519
Rivière Montmorency,montmorency,2025-10-20,DJGC,0.0,9.585
Rivière Montmorency,montmorency,2025-10-21,DJGC,0.0,50.12
Rivière Montmorency,montmorency,2025-10-22,DJGC,0.0,38.44
Rivière Montmorency,montmorency,2025-10-23,DJGC,0.0,46.48
Rivière Montmorency,montmorency,2025-10-24,DJGC,0.0,38.36
Rivière Montmorency,montmorency,2025-10-25,DJGC,0.0,27.35
Rivière Montmorency,montmorency,2025-10-26,DJGC,0.0,21.69
Rivière Montmorency,montmorency,2025-10-27,DJGC,0.0,18.38
Rivière Montmorency,montmorency,2025-10-28,DJGC,0.0,16.31
Rivière Montmorency,montmorency,2025-10-29,DJGC,0.0,14.57
Rivière Montmorency,montmorency,2025-10-30,DJGC,0.0,13.37
Rivière Montmorency,montmorency,2025-10-31,DJGC,0.0,47.74
Rivière Montmorency,montmorency,2025-11-01,DJGC,0.0,88.35
Rivière Montmorency,montmorency,2025-11-02,DJGC,0.0,44.8
Rivière Montmorency,montmorency,2025-11-03,DJGC,0.0,31.36
Rivière Montmorency,montmorency,2025-11-04,DJGC,0.0,41.04
Rivière Montmorency,montmorency,2025-11-05,DJGC,0.0,35.93
Rivière Montmorency,montmorency,2025-11-06,DJGC,0.0,28.37
Rivière Montmorency,montmorency,2025-11-07,DJGC,0.0,24.04
Rivière Montmorency,montmorency,2025-11-08,DJGC,0.0,23.94
Rivière Montmorency,montmorency,2025-11-09,DJGC,0.0,23.29
Rivière Montmorency,montmorency,2025-11-10,DJGC,0.0,22.97
Rivière Montmorency,montmorency,2025-11-11,DJGC,0.5,29.41
Rivière Montmorency,montmorency,2025-11-12,DJGC,0.2,23.78
Rivière Montmorency,montmorency,2025-11-13,DJGC,0.0,20.92
Rivière Montmorency,montmorency,2025-11-14,DJGC,0.0,19.07
Rivière Montmorency,montmorency,2025-11-15,DJGC,0.5,16.0
Rivière Montmorency,montmorency,2025-11-16,DJGC,2.7,13.5
Rivière Montmorency,montmorency,2025-11-17,DJGC,2.5,15.59
Rivière Montmorency,montmorency,2025-11-18,DJGC,1.1,15.0
Rivière Montmorency,montmorency,2025-11-19,DJGC,0.0,13.93
Rivière Montmorency,montmorency,2025-11-20,DJGC,0.0,12.78
Rivière Montmorency,montmorency,2025-11-21,DJGC,0.0,12.32
Rivière Montmorency,montmorency,2025-11-22,DJGC,0.0,12.07
Rivière Montmorency,montmorency,2025-11-23,DJGC,2.0,11.31
Rivière Montmorency,montmorency,2025-11-24,DJGC,3.0,10.4
Rivière Montmorency,montmorency,2025-11-25,DJGC,0.6,11.32
Rivière Montmorency,montmorency,2025-11-26,DJGC,0.0,11.39
Rivière Montmorency,montmorency,2025-11-27,DJGC,0.0,13.97
Rivière Montmorency,montmorency,2025-11-28,DJGC,0.1,12.95
Rivière Montmorency,montmorency,2025-11-29,DJGC,1.3,11.33
Rivière Montmorency,montmorency,2025-11-30,DJGC,2.9,10.0
Rivière Montmorency,montmorency,2025-12-01,DJGC,7.1,9.982
Rivière Montmorency,montmorency,2025-12-02,DJGC,14.8,8.13
Rivière Montmorency,montmorency,2025-12-03,DJGC,23.6,7.081
Rivière Montmorency,montmorency,2025-12-04,DJGC,33.6,8.773
Rivière Montmorency,montmorency,2025-12-05,DJGC,49.3,7.471
Rivière Montmorency,montmorency,2025-12-06,DJGC,58.0,7.685
Rivière Montmorency,montmorency,2025-12-07,DJGC,67.7,8.445
Rivière Montmorency,montmorency,2025-12-08,DJGC,82.4,7.187
Rivière Montmorency,montmorency,2025-12-09,DJGC,98.0,6.443
Rivière Montmorency,montmorency,2025-12-10,DJGC,106.2,6.572
Rivière Montmorency,montmorency,2025-12-11,DJGC,112.6,7.039
Rivière Montmorency,montmorency,2025-12-12,DJGC,118.6,6.76
Rivière Montmorency,montmorency,2025-12-13,DJGC,125.9,6.944
Rivière Montmorency,montmorency,2025-12-14,DJGC,134.5,6.705
Rivière Montmorency,montmorency,2025-12-15,DJGC,143.5,6.448
Rivière Montmorency,montmorency,2025-12-16,DJGC,150.2,6.449
Rivière Montmorency,montmorency,2025-12-17,DJGC,151.7,6.557
Rivière Montmorency,montmorency,2025-12-18,DJGC,157.2,6.599
Rivière Montmorency,montmorency,2025-12-19,DJGC,156.3,10.23
Rivière Montmorency,montmorency,2025-12-20,DJGC,161.6,45.57
Rivière Montmorency,montmorency,2025-12-21,DJGC,165.9,34.52
Rivière Montmorency,montmorency,2025-12-22,DJGC,176.4,25.31
Rivière Montmorency,montmorency,2025-12-23,DJGC,187.7,18.7
Rivière Montmorency,montmorency,2025-12-24,DJGC,194.8,18.15
Rivière Montmorency,montmorency,2025-12-25,DJGC,205.0,16.83
Rivière Montmorency,montmorency,2025-12-26,DJGC,220.1,14.39
Rivière Montmorency,montmorency,2025-12-27,DJGC,232.6,13.55
Rivière Montmorency,montmorency,2025-12-28,DJGC,244.2,12.39
Rivière Montmorency,montmorency,2025-12-29,DJGC,247.7,14.22
Rivière Montmorency,montmorency,2025-12-30,DJGC,256.1,11.58
Rivière Montmorency,montmorency,2025-12-31,DJGC,270.7,10.99
Rivière Montmorency,montmorency,2026-01-01,DJGC,282.4,9.382
Rivière Montmorency,montmorency,2026-01-02,DJGC,300.9,10.22
Rivière Montmorency,montmorency,2026-01-03,DJGC,318.2,10.55
Rivière Montmorency,montmorency,2026-01-04,DJGC,335.6,10.28
Rivière Montmorency,montmorency,2026-01-05,DJGC,352.8,9.837
Rivière Montmorency,montmorency,2026-01-06,DJGC,361.5,8.054
Rivière Montmorency,montmorency,2026-01-07,DJGC,365.3,8.196
Rivière Montmorency,montmorency,2026-01-08,DJGC,365.7,8.259
Rivière Montmorency,montmorency,2026-01-09,DJGC,363.3,8.198
Rivière Montmorency,montmorency,2026-01-10,DJGC,362.2,9.527
Rivière Montmorency,montmorency,2026-01-11,DJGC,365.9,10.6
Rivière Montmorency,montmorency,2026-01-12,DJGC,372.7,8.973
Rivière Montmorency,montmorency,2026-01-13,DJGC,375.4,8.305
Rivière Montmorency,montmorency,2026-01-14,DJGC,373.7,8.298
Rivière Montmorency,montmorency,2026-01-15,DJGC,378.4,8.475
Rivière Montmorency,montmorency,2026-01-16,DJGC,391.7,7.895
Rivière Montmorency,montmorency,2026-01-17,DJGC,402.3,6.69
Rivière Montmorency,montmorency,2026-01-18,DJGC,407.9,7.443
Rivière Montmorency,montmorency,2026-01-19,DJGC,416.8,6.956
Rivière Montmorency,montmorency,2026-01-20,DJGC,427.5,6.881
Rivière Montmorency,montmorency,2026-01-21,DJGC,438.1,6.215
Rivière Montmorency,montmorency,2026-01-22,DJGC,443.1,6.652
Rivière Montmorency,montmorency,2026-01-23,DJGC,456.8,6.636
Rivière Montmorency,montmorency,2026-01-24,DJGC,479.5,6.897
Rivière Montmorency,montmorency,2026-01-25,DJGC,499.5,8.836
Rivière Montmorency,montmorency,2026-01-26,DJGC,511.8,7.484
Rivière Montmorency,montmorency,2026-01-27,DJGC,526.4,7.621
Rivière Montmorency,montmorency,2026-01-28,DJGC,541.5,7.563
Rivière Montmorency,montmorency,2026-01-29,DJGC,556.9,7.401
Rivière Montmorency,montmorency,2026-01-30,DJGC,572.2,7.411
Rivière Montmorency,montmorency,2026-01-31,DJGC,587.1,7.228
Rivière Montmorency,montmorency,2026-02-01,DJGC,602.3,7.02
Rivière Montmorency,montmorency,2026-02-02,DJGC,614.7,6.979
Rivière Montmorency,montmorency,2026-02-03,DJGC,626.3,6.915
Rivière Montmorency,montmorency,2026-02-04,DJGC,633.6,6.774
Rivière Montmorency,montmorency,2026-02-05,DJGC,646.1,6.533
Rivière Montmorency,montmorency,2026-02-06,DJGC,660.5,6.48
Rivière Montmorency,montmorency,2026-02-07,DJGC,669.5,6.408
Rivière Montmorency,montmorency,2026-02-08,DJGC,682.3,6.343
Rivière Montmorency,montmorency,2026-02-09,DJGC,694.2,6.313
Rivière Montmorency,montmorency,2026-02-10,DJGC,705.4,6.255
Rivière Montmorency,montmorency,2026-02-11,DJGC,710.0,6.249
Rivière Montmorency,montmorency,2026-02-12,DJGC,713.8,6.225
Rivière Montmorency,montmorency,2026-02-13,DJGC,722.3,6.02
Rivière Montmorency,montmorency,2026-02-14,DJGC,730.7,5.865
Rivière Montmorency,montmorency,2026-02-15,DJDC-5,0.0,5.629
Rivière Montmorency,montmorency,2026-02-16,DJDC-5,0.0,5.673
Rivière Montmorency,montmorency,2026-02-17,DJDC-5,3.2,5.622
Rivière Montmorency,montmorency,2026-02-18,DJDC-5,4.6,5.559
Rivière Montmorency,montmorency,2026-02-19,DJDC-5,1.8,5.315
Rivière Montmorency,montmorency,2026-02-20,DJDC-5,1.8,5.112
Rivière Montmorency,montmorency,2026-02-21,DJDC-5,0.0,5.094
Rivière Montmorency,montmorency,2026-02-22,DJDC-5,0.0,5.039
Rivière Montmorency,montmorency,2026-02-23,DJDC-5,0.0,4.983
Rivière Montmorency,montmorency,2026-02-24,DJDC-5,0.0,5.395
Rivière Montmorency,montmorency,2026-02-25,DJDC-5,0.0,5.773
Rivière Montmorency,montmorency,2026-02-26,DJDC-5,0.0,5.231
Rivière Montmorency,montmorency,2026-02-27,DJDC-5,0.0,5.146
Rivière Montmorency,montmorency,2026-02-28,DJDC-5,3.2,5.015
Rivière Montmorency,montmorency,2026-03-01,DJDC-5,0.0,4.819
Rivière Montmorency,montmorency,2026-03-02,DJDC-5,0.0,4.959
Rivière Montmorency,montmorency,2026-03-03,DJDC-5,0.0,4.804
Rivière Montmorency,montmorency,2026-03-04,DJDC-5,5.7,4.805
Rivière Montmorency,montmorency,2026-03-05,DJDC-5,3.1,4.761
Rivière Montmorency,montmorency,2026-03-06,DJDC-5,2.1,4.71
Rivière Montmorency,montmorency,2026-03-07,DJDC-5,7.6,4.756
Rivière Montmorency,montmorency,2026-03-08,DJDC-5,15.9,6.77
Rivière Montmorency,montmorency,2026-03-09,DJDC-5,28.6,13.74
Rivière Montmorency,montmorency,2026-03-10,DJDC-5,37.0,22.58
Rivière Montmorency,montmorency,2026-03-11,DJDC-5,38.1,19.807
Rivière Montmorency,montmorency,2026-03-12,DJDC-5,40.3,15.27
Rivière Montmorency,montmorency,2026-03-13,DJDC-5,41.3,13.6
Rivière Montmorency,montmorency,2026-03-14,DJDC-5,42.2,12.27
Rivière Montmorency,montmorency,2026-03-15,DJDC-5,42.1,10.86
Rivière Montmorency,montmorency,2026-03-16,DJDC-5,47.1,10.28
Rivière Montmorency,montmorency,2026-03-17,DJDC-5,48.5,30.29
Rivière Montmorency,montmorency,2026-03-18,DJDC-5,42.5,41.54
Rivière Montmorency,montmorency,2026-03-19,DJDC-5,40.9,34.87
Rivière Montmorency,montmorency,2026-03-20,DJDC-5,41.0,29.52
Rivière Montmorency,montmorency,2026-03-21,DJDC-5,41.1,24.81
Rivière Montmorency,montmorency,2026-03-22,DJDC-5,41.6,21.57
Rivière Montmorency,montmorency,2026-03-23,DJDC-5,44.5,18.59
Rivière Montmorency,montmorency,2026-03-24,DJDC-5,47.5,15.27
Rivière Montmorency,montmorency,2026-03-25,DJDC-5,47.7,14.2
Rivière Montmorency,montmorency,2026-03-26,DJDC-5,48.6,13.09
Rivière Montmorency,montmorency,2026-03-27,DJDC-5,45.4,12.15
Rivière Montmorency,montmorency,2026-03-28,DJDC-5,43.2,10.31
Rivière Montmorency,montmorency,2026-03-29,DJDC-5,41.1,10.61
Rivière Montmorency,montmorency,2026-03-30,DJDC-5,48.6,10.83
Rivière Montmorency,montmorency,2026-03-31,DJDC-5,53.9,10.69
Rivière Montmorency,montmorency,2026-04-01,DJDC-5,57.6,10.5
Rivière Montmorency,montmorency,2026-04-02,DJDC-5,61.1,9.955
Rivière Montmorency,montmorency,2026-04-03,DJDC-5,66.5,11.26
Rivière Montmorency,montmorency,2026-04-04,DJDC-5,72.1,20.02
Rivière Montmorency,montmorency,2026-04-05,DJDC-5,81.3,29.04
Rivière Montmorency,montmorency,2026-04-06,DJDC-5,85.0,37.56
Rivière Montmorency,montmorency,2026-04-07,DJDC-5,85.6,27.25
Rivière Montmorency,montmorency,2026-04-08,DJDC-5,88.2,21.79
Rivière Montmorency,montmorency,2026-04-09,DJDC-5,101.9,19.48
Rivière Montmorency,montmorency,2026-04-10,DJDC-5,113.2,23.38
Rivière Montmorency,montmorency,2026-04-11,DJDC-5,123.0,29.96
Rivière Montmorency,montmorency,2026-04-12,DJDC-5,132.5,27.2
Rivière Montmorency,montmorency,2026-04-13,DJDC-5,143.7,29.9
Rivière Montmorency,montmorency,2026-04-14,DJDC-5,155.2,78.65
Rivière Montmorency,montmorency,2026-04-15,DJDC-5,163.9,73.7
Rivière Montmorency,montmorency,2026-04-16,DJDC-5,171.7,76.13
Rivière Montmorency,montmorency,2026-04-17,DJDC-5,187.0,151.6
Rivière Montmorency,montmorency,2026-04-18,DJDC-5,203.6,142.2
Rivière Montmorency,montmorency,2026-04-19,DJDC-5,214.5,320.2
Rivière Montmorency,montmorency,2026-04-20,DJDC-5,219.3,154.6
Rivière Montmorency,montmorency,2026-04-21,DJDC-5,226.586,92.51
Rivière Montmorency,montmorency,2026-04-22,DJDC-5,235.9,68.88
Rivière Montmorency,montmorency,2026-04-23,DJDC-5,246.0,58.23
Rivière Montmorency,montmorency,2026-04-24,DJDC-5,256.929,52.18
Rivière Montmorency,montmorency,2026-04-25,DJDC-5,266.9,43.87
Rivière Montmorency,montmorency,2026-04-26,DJDC-5,279.1,55.24
Rivière Montmorency,montmorency,2026-04-27,DJDC-5,298.5,80.32
Rivière Montmorency,montmorency,2026-04-28,DJDC-5,314.3,118.8
Rivière Montmorency,montmorency,2026-04-29,DJDC-5,335.2,160.6
Rivière Montmorency,montmorency,2026-04-30,DJDC-5,348.3,264.5
Rivière Montmorency,montmorency,2026-05-01,DJDC-5,359.7,268.1
Rivière Montmorency,montmorency,2026-05-02,DJDC-5,370.2,147.6
Rivière Montmorency,montmorency,2026-05-03,DJDC-5,382.4,99.76
Rivière Montmorency,montmorency,2026-05-04,DJDC-5,392.9,83.51
Rivière Montmorency,montmorency,2026-05-05,DJDC-5,412.0,74.4
Rivière Montmorency,montmorency,2026-05-06,DJDC-5,426.2,199.7
Rivière Montmorency,montmorency,2026-05-07,DJDC-5,439.6,131.5
Rivière Montmorency,montmorency,2026-05-08,DJDC-5,452.6,100.1
Rivière Montmorency,montmorency,2026-05-09,DJDC-5,468.1,82.89
Rivière Montmorency,montmorency,2026-05-10,DJDC-5,486.8,85.82
Rivière Montmorency,montmorency,2026-05-11,DJDC-5,501.3,113.0
Rivière Montmorency,montmorency,2026-05-12,DJDC-5,514.6,83.0
Rivière Montmorency,montmorency,2026-05-13,DJDC-5,527.8,65.04
Rivière Montmorency,montmorency,2026-05-14,DJDC-5,541.9,65.04
Rivière Montmorency,montmorency,2026-05-15,DJDC-5,562.362,120.7
Rivière Chaudière,chaudiere,2025-10-15,DJGC,0.0,3.749
Rivière Chaudière,chaudiere,2025-10-16,DJGC,0.0,3.589
Rivière Chaudière,chaudiere,2025-10-17,DJGC,0.0,3.423
Rivière Chaudière,chaudiere,2025-10-18,DJGC,0.0,3.828
Rivière Chaudière,chaudiere,2025-10-19,DJGC,0.0,3.413
Rivière Chaudière,chaudiere,2025-10-20,DJGC,0.0,3.282
Rivière Chaudière,chaudiere,2025-10-21,DJGC,0.0,3.833
Rivière Chaudière,chaudiere,2025-10-22,DJGC,0.0,4.613
Rivière Chaudière,chaudiere,2025-10-23,DJGC,0.0,5.217
Rivière Chaudière,chaudiere,2025-10-24,DJGC,0.0,6.186
Rivière Chaudière,chaudiere,2025-10-25,DJGC,0.0,6.12
Rivière Chaudière,chaudiere,2025-10-26,DJGC,0.0,5.816
Rivière Chaudière,chaudiere,2025-10-27,DJGC,0.0,5.515
Rivière Chaudière,chaudiere,2025-10-28,DJGC,0.0,5.338
Rivière Chaudière,chaudiere,2025-10-29,DJGC,0.0,5.541
Rivière Chaudière,chaudiere,2025-10-30,DJGC,0.0,5.443
Rivière Chaudière,chaudiere,2025-10-31,DJGC,0.0,6.869
Rivière Chaudière,chaudiere,2025-11-01,DJGC,0.0,24.26
Rivière Chaudière,chaudiere,2025-11-02,DJGC,0.0,26.28
Rivière Chaudière,chaudiere,2025-11-03,DJGC,0.0,17.55
Rivière Chaudière,chaudiere,2025-11-04,DJGC,0.0,17.42
Rivière Chaudière,chaudiere,2025-11-05,DJGC,0.0,33.17
Rivière Chaudière,chaudiere,2025-11-06,DJGC,0.0,36.06
Rivière Chaudière,chaudiere,2025-11-07,DJGC,0.5,34.7
Rivière Chaudière,chaudiere,2025-11-08,DJGC,0.0,27.57
Rivière Chaudière,chaudiere,2025-11-09,DJGC,1.2,25.34
Rivière Chaudière,chaudiere,2025-11-10,DJGC,0.0,29.45
Rivière Chaudière,chaudiere,2025-11-11,DJGC,1.3,87.99
Rivière Chaudière,chaudiere,2025-11-12,DJGC,1.6,69.03
Rivière Chaudière,chaudiere,2025-11-13,DJGC,1.3,46.81
Rivière Chaudière,chaudiere,2025-11-14,DJGC,1.9,39.31
Rivière Chaudière,chaudiere,2025-11-15,DJGC,4.9,33.9
Rivière Chaudière,chaudiere,2025-11-16,DJGC,7.9,27.97
Rivière Chaudière,chaudiere,2025-11-17,DJGC,10.6,23.88
Rivière Chaudière,chaudiere,2025-11-18,DJGC,11.6,20.79
Rivière Chaudière,chaudiere,2025-11-19,DJGC,11.8,17.25
Rivière Chaudière,chaudiere,2025-11-20,DJGC,12.9,16.26
Rivière Chaudière,chaudiere,2025-11-21,DJGC,14.6,14.22
Rivière Chaudière,chaudiere,2025-11-22,DJGC,16.7,15.09
Rivière Chaudière,chaudiere,2025-11-23,DJGC,20.2,13.46
Rivière Chaudière,chaudiere,2025-11-24,DJGC,23.0,14.59
Rivière Chaudière,chaudiere,2025-11-25,DJGC,21.1,12.98
Rivière Chaudière,chaudiere,2025-11-26,DJGC,19.2,13.18
Rivière Chaudière,chaudiere,2025-11-27,DJGC,17.7,39.75
Rivière Chaudière,chaudiere,2025-11-28,DJGC,19.1,51.83
Rivière Chaudière,chaudiere,2025-11-29,DJGC,21.7,35.18
Rivière Chaudière,chaudiere,2025-11-30,DJGC,24.3,23.57
Rivière Chaudière,chaudiere,2025-12-01,DJGC,28.6,21.75
Rivière Chaudière,chaudiere,2025-12-02,DJGC,37.3,14.63
Rivière Chaudière,chaudiere,2025-12-03,DJGC,47.6,11.34
Rivière Chaudière,chaudiere,2025-12-04,DJGC,58.0,12.47
Rivière Chaudière,chaudiere,2025-12-05,DJGC,74.6,7.375
Rivière Chaudière,chaudiere,2025-12-06,DJGC,82.5,7.333
Rivière Chaudière,chaudiere,2025-12-07,DJGC,92.6,10.03
Rivière Chaudière,chaudiere,2025-12-08,DJGC,109.3,9.063
Rivière Chaudière,chaudiere,2025-12-09,DJGC,125.9,7.432
Rivière Chaudière,chaudiere,2025-12-10,DJGC,135.6,7.259
Rivière Chaudière,chaudiere,2025-12-11,DJGC,143.9,8.188
Rivière Chaudière,chaudiere,2025-12-12,DJGC,152.1,8.63
Rivière Chaudière,chaudiere,2025-12-13,DJGC,161.6,8.352
Rivière Chaudière,chaudiere,2025-12-14,DJGC,172.9,8.46
Rivière Chaudière,chaudiere,2025-12-15,DJGC,186.9,8.183
Rivière Chaudière,chaudiere,2025-12-16,DJGC,196.0,7.728
Rivière Chaudière,chaudiere,2025-12-17,DJGC,199.4,7.619
Rivière Chaudière,chaudiere,2025-12-18,DJGC,202.0,8.004
Rivière Chaudière,chaudiere,2025-12-19,DJGC,197.8,13.19
Rivière Chaudière,chaudiere,2025-12-20,DJGC,204.0,87.3
Rivière Chaudière,chaudiere,2025-12-21,DJGC,209.4,66.25
Rivière Chaudière,chaudiere,2025-12-22,DJGC,221.1,36.19
Rivière Chaudière,chaudiere,2025-12-23,DJGC,234.3,24.51
Rivière Chaudière,chaudiere,2025-12-24,DJGC,241.9,21.61
Rivière Chaudière,chaudiere,2025-12-25,DJGC,253.8,19.25
Rivière Chaudière,chaudiere,2025-12-26,DJGC,272.6,14.49
Rivière Chaudière,chaudiere,2025-12-27,DJGC,288.1,11.41
Rivière Chaudière,chaudiere,2025-12-28,DJGC,303.1,11.14
Rivière Chaudière,chaudiere,2025-12-29,DJGC,308.8,12.06
Rivière Chaudière,chaudiere,2025-12-30,DJGC,318.4,16.29
Rivière Chaudière,chaudiere,2025-12-31,DJGC,332.4,19.98
Rivière Chaudière,chaudiere,2026-01-01,DJGC,345.2,19.91
Rivière Chaudière,chaudiere,2026-01-02,DJGC,364.2,16.3
Rivière Chaudière,chaudiere,2026-01-03,DJGC,383.3,14.11
Rivière Chaudière,chaudiere,2026-01-04,DJGC,402.9,14.22
Rivière Chaudière,chaudiere,2026-01-05,DJGC,421.7,13.6
Rivière Chaudière,chaudiere,2026-01-06,DJGC,431.8,11.0
Rivière Chaudière,chaudiere,2026-01-07,DJGC,436.3,9.784
Rivière Chaudière,chaudiere,2026-01-08,DJGC,438.2,10.28
Rivière Chaudière,chaudiere,2026-01-09,DJGC,436.2,10.77
Rivière Chaudière,chaudiere,2026-01-10,DJGC,435.2,15.92
Rivière Chaudière,chaudiere,2026-01-11,DJGC,437.3,25.21
Rivière Chaudière,chaudiere,2026-01-12,DJGC,443.9,30.95
Rivière Chaudière,chaudiere,2026-01-13,DJGC,445.3,30.71
Rivière Chaudière,chaudiere,2026-01-14,DJGC,444.3,29.24
Rivière Chaudière,chaudiere,2026-01-15,DJGC,448.4,29.03
Rivière Chaudière,chaudiere,2026-01-16,DJGC,462.7,32.51
Rivière Chaudière,chaudiere,2026-01-17,DJGC,474.7,32.42
Rivière Chaudière,chaudiere,2026-01-18,DJGC,481.2,30.23
Rivière Chaudière,chaudiere,2026-01-19,DJGC,490.5,25.9
Rivière Chaudière,chaudiere,2026-01-20,DJGC,503.0,22.82
Rivière Chaudière,chaudiere,2026-01-21,DJGC,514.6,20.02
Rivière Chaudière,chaudiere,2026-01-22,DJGC,519.9,17.84
Rivière Chaudière,chaudiere,2026-01-23,DJGC,534.1,17.4
Rivière Chaudière,chaudiere,2026-01-24,DJGC,558.1,17.53
Rivière Chaudière,chaudiere,2026-01-25,DJGC,580.6,16.48
Rivière Chaudière,chaudiere,2026-01-26,DJGC,594.2,12.33
Rivière Chaudière,chaudiere,2026-01-27,DJGC,611.6,11.2
Rivière Chaudière,chaudiere,2026-01-28,DJGC,630.3,11.72
Rivière Chaudière,chaudiere,2026-01-29,DJGC,649.2,11.89
Rivière Chaudière,chaudiere,2026-01-30,DJGC,666.9,12.17
Rivière Chaudière,chaudiere,2026-01-31,DJGC,682.3,11.64
Rivière Chaudière,chaudiere,2026-02-01,DJGC,698.5,9.04
Rivière Chaudière,chaudiere,2026-02-02,DJGC,713.0,7.668
Rivière Chaudière,chaudiere,2026-02-03,DJGC,725.4,7.896
Rivière Chaudière,chaudiere,2026-02-04,DJGC,735.1,7.468
Rivière Chaudière,chaudiere,2026-02-05,DJGC,750.5,7.933
Rivière Chaudière,chaudiere,2026-02-06,DJGC,768.1,7.953
Rivière Chaudière,chaudiere,2026-02-07,DJGC,779.9,7.676
Rivière Chaudière,chaudiere,2026-02-08,DJGC,797.4,7.349
Rivière Chaudière,chaudiere,2026-02-09,DJGC,812.6,7.51
Rivière Chaudière,chaudiere,2026-02-10,DJGC,825.8,7.125
Rivière Chaudière,chaudiere,2026-02-11,DJGC,831.1,6.46
Rivière Chaudière,chaudiere,2026-02-12,DJGC,839.0,6.277
Rivière Chaudière,chaudiere,2026-02-13,DJGC,850.3,6.75
Rivière Chaudière,chaudiere,2026-02-14,DJGC,860.4,6.677
Rivière Chaudière,chaudiere,2026-02-15,DJDC-5,0.0,6.446
Rivière Chaudière,chaudiere,2026-02-16,DJDC-5,0.0,6.394
Rivière Chaudière,chaudiere,2026-02-17,DJDC-5,4.0,6.097
Rivière Chaudière,chaudiere,2026-02-18,DJDC-5,1.0,6.275
Rivière Chaudière,chaudiere,2026-02-19,DJDC-5,0.0,6.441
Rivière Chaudière,chaudiere,2026-02-20,DJDC-5,0.0,6.333
Rivière Chaudière,chaudiere,2026-02-21,DJDC-5,0.0,6.068
Rivière Chaudière,chaudiere,2026-02-22,DJDC-5,0.0,5.895
Rivière Chaudière,chaudiere,2026-02-23,DJDC-5,0.0,5.788
Rivière Chaudière,chaudiere,2026-02-24,DJDC-5,0.0,5.704
Rivière Chaudière,chaudiere,2026-02-25,DJDC-5,0.0,5.68
Rivière Chaudière,chaudiere,2026-02-26,DJDC-5,0.0,5.559
Rivière Chaudière,chaudiere,2026-02-27,DJDC-5,0.0,5.343
Rivière Chaudière,chaudiere,2026-02-28,DJDC-5,2.7,5.165
Rivière Chaudière,chaudiere,2026-03-01,DJDC-5,0.0,5.326
Rivière Chaudière,chaudiere,2026-03-02,DJDC-5,0.0,5.504
Rivière Chaudière,chaudiere,2026-03-03,DJDC-5,0.0,5.215
Rivière Chaudière,chaudiere,2026-03-04,DJDC-5,6.0,4.677
Rivière Chaudière,chaudiere,2026-03-05,DJDC-5,5.7,5.107
Rivière Chaudière,chaudiere,2026-03-06,DJDC-5,7.7,6.802
Rivière Chaudière,chaudiere,2026-03-07,DJDC-5,17.7,11.185
Rivière Chaudière,chaudiere,2026-03-08,DJDC-5,28.5,55.329
Rivière Chaudière,chaudiere,2026-03-09,DJDC-5,41.7,123.042
Rivière Chaudière,chaudiere,2026-03-10,DJDC-5,54.6,218.01
Rivière Chaudière,chaudiere,2026-03-11,DJDC-5,58.3,253.396
Rivière Chaudière,chaudiere,2026-03-12,DJDC-5,60.6,459.2
Rivière Chaudière,chaudiere,2026-03-13,DJDC-5,60.7,240.8
Rivière Chaudière,chaudiere,2026-03-14,DJDC-5,63.0,182.2
Rivière Chaudière,chaudiere,2026-03-15,DJDC-5,62.5,132.4
Rivière Chaudière,chaudiere,2026-03-16,DJDC-5,73.3,118.3
Rivière Chaudière,chaudiere,2026-03-17,DJDC-5,79.4,418.3
Rivière Chaudière,chaudiere,2026-03-18,DJDC-5,73.9,191.5
Rivière Chaudière,chaudiere,2026-03-19,DJDC-5,74.5,137.0
Rivière Chaudière,chaudiere,2026-03-20,DJDC-5,76.6,110.0
Rivière Chaudière,chaudiere,2026-03-21,DJDC-5,79.0,91.36
Rivière Chaudière,chaudiere,2026-03-22,DJDC-5,78.5,76.17
Rivière Chaudière,chaudiere,2026-03-23,DJDC-5,80.2,70.78
Rivière Chaudière,chaudiere,2026-03-24,DJDC-5,82.6,52.35
Rivière Chaudière,chaudiere,2026-03-25,DJDC-5,82.1,48.72
Rivière Chaudière,chaudiere,2026-03-26,DJDC-5,87.4,45.85
Rivière Chaudière,chaudiere,2026-03-27,DJDC-5,85.4,72.03
Rivière Chaudière,chaudiere,2026-03-28,DJDC-5,83.267,71.4
Rivière Chaudière,chaudiere,2026-03-29,DJDC-5,82.2,60.9
Rivière Chaudière,chaudiere,2026-03-30,DJDC-5,91.3,56.4
Rivière Chaudière,chaudiere,2026-03-31,DJDC-5,96.7,79.92
Rivière Chaudière,chaudiere,2026-04-01,DJDC-5,100.5,246.7
Rivière Chaudière,chaudiere,2026-04-02,DJDC-5,104.2,152.1
Rivière Chaudière,chaudiere,2026-04-03,DJDC-5,114.0,181.1
Rivière Chaudière,chaudiere,2026-04-04,DJDC-5,120.4,324.3
Rivière Chaudière,chaudiere,2026-04-05,DJDC-5,129.3,288.1
Rivière Chaudière,chaudiere,2026-04-06,DJDC-5,133.2,293.9
Rivière Chaudière,chaudiere,2026-04-07,DJDC-5,134.8,170.6
Rivière Chaudière,chaudiere,2026-04-08,DJDC-5,137.8,125.1
Rivière Chaudière,chaudiere,2026-04-09,DJDC-5,150.7,113.9
Rivière Chaudière,chaudiere,2026-04-10,DJDC-5,162.843,148.8
Rivière Chaudière,chaudiere,2026-04-11,DJDC-5,171.8,265.9
Rivière Chaudière,chaudiere,2026-04-12,DJDC-5,180.4,195.4
Rivière Chaudière,chaudiere,2026-04-13,DJDC-5,193.3,223.4
Rivière Chaudière,chaudiere,2026-04-14,DJDC-5,205.8,322.8
Rivière Chaudière,chaudiere,2026-04-15,DJDC-5,218.3,415.3
Rivière Chaudière,chaudiere,2026-04-16,DJDC-5,233.6,272.6
Rivière Chaudière,chaudiere,2026-04-17,DJDC-5,249.1,289.1
Rivière Chaudière,chaudiere,2026-04-18,DJDC-5,264.5,237.4
Rivière Chaudière,chaudiere,2026-04-19,DJDC-5,273.3,210.0
Rivière Chaudière,chaudiere,2026-04-20,DJDC-5,275.3,234.1
Rivière Chaudière,chaudiere,2026-04-21,DJDC-5,282.443,152.7
Rivière Chaudière,chaudiere,2026-04-22,DJDC-5,290.3,126.0
Rivière Chaudière,chaudiere,2026-04-23,DJDC-5,297.6,102.3
Rivière Chaudière,chaudiere,2026-04-24,DJDC-5,306.886,94.07
Rivière Chaudière,chaudiere,2026-04-25,DJDC-5,315.2,69.0
Rivière Chaudière,chaudiere,2026-04-26,DJDC-5,328.3,61.95
Rivière Chaudière,chaudiere,2026-04-27,DJDC-5,344.6,57.25
Rivière Chaudière,chaudiere,2026-04-28,DJDC-5,362.3,49.34
Rivière Chaudière,chaudiere,2026-04-29,DJDC-5,381.2,45.45
Rivière Chaudière,chaudiere,2026-04-30,DJDC-5,393.2,42.69
Rivière Chaudière,chaudiere,2026-05-01,DJDC-5,400.5,80.23
Rivière Chaudière,chaudiere,2026-05-02,DJDC-5,407.5,65.05
Rivière Chaudière,chaudiere,2026-05-03,DJDC-5,416.5,58.23
Rivière Chaudière,chaudiere,2026-05-04,DJDC-5,425.1,51.81
Rivière Chaudière,chaudiere,2026-05-05,DJDC-5,441.5,66.26
Rivière Chaudière,chaudiere,2026-05-06,DJDC-5,453.5,97.14
Rivière Chaudière,chaudiere,2026-05-07,DJDC-5,465.1,274.7
Rivière Chaudière,chaudiere,2026-05-08,DJDC-5,475.9,182.4
Rivière Chaudière,chaudiere,2026-05-09,DJDC-5,489.2,115.5
Rivière Chaudière,chaudiere,2026-05-10,DJDC-5,506.0,92.28
Rivière Chaudière,chaudiere,2026-05-11,DJDC-5,516.5,79.4
Rivière Chaudière,chaudiere,2026-05-12,DJDC-5,525.2,67.17
Rivière Chaudière,chaudiere,2026-05-13,DJDC-5,535.9,50.24
Rivière Chaudière,chaudiere,2026-05-14,DJDC-5,549.7,52.74
Rivière Chaudière,chaudiere,2026-05-15,DJDC-5,570.162,71.49
Rivière Châteauguay,chateauguay,2025-10-15,DJGC,0.0,3.261
Rivière Châteauguay,chateauguay,2025-10-16,DJGC,0.0,3.155
Rivière Châteauguay,chateauguay,2025-10-17,DJGC,0.0,3.192
Rivière Châteauguay,chateauguay,2025-10-18,DJGC,0.0,3.276
Rivière Châteauguay,chateauguay,2025-10-19,DJGC,0.0,3.277
Rivière Châteauguay,chateauguay,2025-10-20,DJGC,0.0,3.782
Rivière Châteauguay,chateauguay,2025-10-21,DJGC,0.0,6.384
Rivière Châteauguay,chateauguay,2025-10-22,DJGC,0.0,10.77
Rivière Châteauguay,chateauguay,2025-10-23,DJGC,0.0,10.87
Rivière Châteauguay,chateauguay,2025-10-24,DJGC,0.0,7.582
Rivière Châteauguay,chateauguay,2025-10-25,DJGC,0.0,6.056
Rivière Châteauguay,chateauguay,2025-10-26,DJGC,0.0,5.254
Rivière Châteauguay,chateauguay,2025-10-27,DJGC,0.0,4.925
Rivière Châteauguay,chateauguay,2025-10-28,DJGC,0.0,4.603
Rivière Châteauguay,chateauguay,2025-10-29,DJGC,0.0,4.428
Rivière Châteauguay,chateauguay,2025-10-30,DJGC,0.0,4.567
Rivière Châteauguay,chateauguay,2025-10-31,DJGC,0.0,11.62
Rivière Châteauguay,chateauguay,2025-11-01,DJGC,0.0,68.17
Rivière Châteauguay,chateauguay,2025-11-02,DJGC,0.0,66.29
Rivière Châteauguay,chateauguay,2025-11-03,DJGC,0.0,33.68
Rivière Châteauguay,chateauguay,2025-11-04,DJGC,0.0,23.55
Rivière Châteauguay,chateauguay,2025-11-05,DJGC,0.0,20.18
Rivière Châteauguay,chateauguay,2025-11-06,DJGC,0.0,27.01
Rivière Châteauguay,chateauguay,2025-11-07,DJGC,0.0,37.15
Rivière Châteauguay,chateauguay,2025-11-08,DJGC,0.0,29.58
Rivière Châteauguay,chateauguay,2025-11-09,DJGC,0.7,23.45
Rivière Châteauguay,chateauguay,2025-11-10,DJGC,1.8,25.8
Rivière Châteauguay,chateauguay,2025-11-11,DJGC,3.6,29.6
Rivière Châteauguay,chateauguay,2025-11-12,DJGC,4.2,27.03
Rivière Châteauguay,chateauguay,2025-11-13,DJGC,2.5,34.7
Rivière Châteauguay,chateauguay,2025-11-14,DJGC,1.6,54.25
Rivière Châteauguay,chateauguay,2025-11-15,DJGC,1.2,42.41
Rivière Châteauguay,chateauguay,2025-11-16,DJGC,0.7,51.59
Rivière Châteauguay,chateauguay,2025-11-17,DJGC,1.8,84.03
Rivière Châteauguay,chateauguay,2025-11-18,DJGC,4.1,54.51
Rivière Châteauguay,chateauguay,2025-11-19,DJGC,8.9,37.27
Rivière Châteauguay,chateauguay,2025-11-20,DJGC,11.7,29.27
Rivière Châteauguay,chateauguay,2025-11-21,DJGC,10.9,25.28
Rivière Châteauguay,chateauguay,2025-11-22,DJGC,11.2,24.19
Rivière Châteauguay,chateauguay,2025-11-23,DJGC,14.1,25.09
Rivière Châteauguay,chateauguay,2025-11-24,DJGC,13.9,24.09
Rivière Châteauguay,chateauguay,2025-11-25,DJGC,9.4,22.94
Rivière Châteauguay,chateauguay,2025-11-26,DJGC,4.2,23.67
Rivière Châteauguay,chateauguay,2025-11-27,DJGC,1.0,39.35
Rivière Châteauguay,chateauguay,2025-11-28,DJGC,1.8,52.2
Rivière Châteauguay,chateauguay,2025-11-29,DJGC,5.8,38.04
Rivière Châteauguay,chateauguay,2025-11-30,DJGC,7.4,29.21
Rivière Châteauguay,chateauguay,2025-12-01,DJGC,12.3,25.49
Rivière Châteauguay,chateauguay,2025-12-02,DJGC,20.1,20.44
Rivière Châteauguay,chateauguay,2025-12-03,DJGC,26.9,17.62
Rivière Châteauguay,chateauguay,2025-12-04,DJGC,34.8,19.71
Rivière Châteauguay,chateauguay,2025-12-05,DJGC,49.6,16.76
Rivière Châteauguay,chateauguay,2025-12-06,DJGC,53.8,14.02
Rivière Châteauguay,chateauguay,2025-12-07,DJGC,64.5,15.35
Rivière Châteauguay,chateauguay,2025-12-08,DJGC,83.2,15.02
Rivière Châteauguay,chateauguay,2025-12-09,DJGC,100.4,13.28
Rivière Châteauguay,chateauguay,2025-12-10,DJGC,104.2,12.96
Rivière Châteauguay,chateauguay,2025-12-11,DJGC,111.6,14.45
Rivière Châteauguay,chateauguay,2025-12-12,DJGC,122.6,12.27
Rivière Châteauguay,chateauguay,2025-12-13,DJGC,132.7,11.91
Rivière Châteauguay,chateauguay,2025-12-14,DJGC,142.5,12.65
Rivière Châteauguay,chateauguay,2025-12-15,DJGC,151.9,12.76
Rivière Châteauguay,chateauguay,2025-12-16,DJGC,155.4,11.95
Rivière Châteauguay,chateauguay,2025-12-17,DJGC,154.2,12.73
Rivière Châteauguay,chateauguay,2025-12-18,DJGC,154.3,13.56
Rivière Châteauguay,chateauguay,2025-12-19,DJGC,149.2,23.19
Rivière Châteauguay,chateauguay,2025-12-20,DJGC,152.7,114.9
Rivière Châteauguay,chateauguay,2025-12-21,DJGC,155.4,96.61
Rivière Châteauguay,chateauguay,2025-12-22,DJGC,164.9,51.91
Rivière Châteauguay,chateauguay,2025-12-23,DJGC,171.2,34.4
Rivière Châteauguay,chateauguay,2025-12-24,DJGC,176.7,30.37
Rivière Châteauguay,chateauguay,2025-12-25,DJGC,186.7,27.29
Rivière Châteauguay,chateauguay,2025-12-26,DJGC,206.8,27.74
Rivière Châteauguay,chateauguay,2025-12-27,DJGC,222.6,26.85
Rivière Châteauguay,chateauguay,2025-12-28,DJGC,235.7,23.56
Rivière Châteauguay,chateauguay,2025-12-29,DJGC,237.0,20.89
Rivière Châteauguay,chateauguay,2025-12-30,DJGC,248.4,30.71
Rivière Châteauguay,chateauguay,2025-12-31,DJGC,258.3,37.0
Rivière Châteauguay,chateauguay,2026-01-01,DJGC,273.4,31.81
Rivière Châteauguay,chateauguay,2026-01-02,DJGC,291.2,30.08
Rivière Châteauguay,chateauguay,2026-01-03,DJGC,304.8,24.43
Rivière Châteauguay,chateauguay,2026-01-04,DJGC,321.1,23.24
Rivière Châteauguay,chateauguay,2026-01-05,DJGC,335.5,22.15
Rivière Châteauguay,chateauguay,2026-01-06,DJGC,344.6,19.83
Rivière Châteauguay,chateauguay,2026-01-07,DJGC,347.6,18.74
Rivière Châteauguay,chateauguay,2026-01-08,DJGC,348.2,17.33
Rivière Châteauguay,chateauguay,2026-01-09,DJGC,344.8,19.22
Rivière Châteauguay,chateauguay,2026-01-10,DJGC,343.2,79.05
Rivière Châteauguay,chateauguay,2026-01-11,DJGC,345.3,100.6
Rivière Châteauguay,chateauguay,2026-01-12,DJGC,349.3,99.59
Rivière Châteauguay,chateauguay,2026-01-13,DJGC,347.5,68.77
Rivière Châteauguay,chateauguay,2026-01-14,DJGC,342.8,55.75
Rivière Châteauguay,chateauguay,2026-01-15,DJGC,349.4,80.26
Rivière Châteauguay,chateauguay,2026-01-16,DJGC,363.8,68.31
Rivière Châteauguay,chateauguay,2026-01-17,DJGC,369.4,46.07
Rivière Châteauguay,chateauguay,2026-01-18,DJGC,375.9,39.23
Rivière Châteauguay,chateauguay,2026-01-19,DJGC,382.0,33.7
Rivière Châteauguay,chateauguay,2026-01-20,DJGC,393.0,28.57
Rivière Châteauguay,chateauguay,2026-01-21,DJGC,402.5,24.11
Rivière Châteauguay,chateauguay,2026-01-22,DJGC,406.6,20.5
Rivière Châteauguay,chateauguay,2026-01-23,DJGC,421.2,18.83
Rivière Châteauguay,chateauguay,2026-01-24,DJGC,445.4,16.45
Rivière Châteauguay,chateauguay,2026-01-25,DJGC,467.6,17.24
Rivière Châteauguay,chateauguay,2026-01-26,DJGC,482.2,16.72
Rivière Châteauguay,chateauguay,2026-01-27,DJGC,499.0,14.43
Rivière Châteauguay,chateauguay,2026-01-28,DJGC,511.9,12.08
Rivière Châteauguay,chateauguay,2026-01-29,DJGC,529.8,10.88
Rivière Châteauguay,chateauguay,2026-01-30,DJGC,548.7,10.36
Rivière Châteauguay,chateauguay,2026-01-31,DJGC,562.7,9.309
Rivière Châteauguay,chateauguay,2026-02-01,DJGC,579.7,9.132
Rivière Châteauguay,chateauguay,2026-02-02,DJGC,596.7,9.24
Rivière Châteauguay,chateauguay,2026-02-03,DJGC,607.0,9.004
Rivière Châteauguay,chateauguay,2026-02-04,DJGC,614.1,9.087
Rivière Châteauguay,chateauguay,2026-02-05,DJGC,629.4,9.117
Rivière Châteauguay,chateauguay,2026-02-06,DJGC,645.4,9.06
Rivière Châteauguay,chateauguay,2026-02-07,DJGC,660.5,9.112
Rivière Châteauguay,chateauguay,2026-02-08,DJGC,680.2,9.088
Rivière Châteauguay,chateauguay,2026-02-09,DJGC,694.4,8.526
Rivière Châteauguay,chateauguay,2026-02-10,DJGC,706.6,8.973
Rivière Châteauguay,chateauguay,2026-02-11,DJGC,712.5,10.09
Rivière Châteauguay,chateauguay,2026-02-12,DJGC,720.8,10.55
Rivière Châteauguay,chateauguay,2026-02-13,DJGC,730.4,10.64
Rivière Châteauguay,chateauguay,2026-02-14,DJGC,738.5,10.58
Rivière Châteauguay,chateauguay,2026-02-15,DJDC-5,0.0,10.79
Rivière Châteauguay,chateauguay,2026-02-16,DJDC-5,1.1,10.89
Rivière Châteauguay,chateauguay,2026-02-17,DJDC-5,7.5,11.24
Rivière Châteauguay,chateauguay,2026-02-18,DJDC-5,6.4,11.51
Rivière Châteauguay,chateauguay,2026-02-19,DJDC-5,1.4,11.53
Rivière Châteauguay,chateauguay,2026-02-20,DJDC-5,0.0,11.39
Rivière Châteauguay,chateauguay,2026-02-21,DJDC-5,0.0,11.91
Rivière Châteauguay,chateauguay,2026-02-22,DJDC-5,0.0,11.46
Rivière Châteauguay,chateauguay,2026-02-23,DJDC-5,0.0,11.47
Rivière Châteauguay,chateauguay,2026-02-24,DJDC-5,0.0,11.36
Rivière Châteauguay,chateauguay,2026-02-25,DJDC-5,0.0,10.76
Rivière Châteauguay,chateauguay,2026-02-26,DJDC-5,0.0,11.16
Rivière Châteauguay,chateauguay,2026-02-27,DJDC-5,0.0,11.79
Rivière Châteauguay,chateauguay,2026-02-28,DJDC-5,7.0,11.77
Rivière Châteauguay,chateauguay,2026-03-01,DJDC-5,0.0,13.31
Rivière Châteauguay,chateauguay,2026-03-02,DJDC-5,0.0,14.67
Rivière Châteauguay,chateauguay,2026-03-03,DJDC-5,0.0,13.58
Rivière Châteauguay,chateauguay,2026-03-04,DJDC-5,7.0,14.53
Rivière Châteauguay,chateauguay,2026-03-05,DJDC-5,7.1,16.14
Rivière Châteauguay,chateauguay,2026-03-06,DJDC-5,8.7,16.16
Rivière Châteauguay,chateauguay,2026-03-07,DJDC-5,19.5,30.37
Rivière Châteauguay,chateauguay,2026-03-08,DJDC-5,32.1,253.4
Rivière Châteauguay,chateauguay,2026-03-09,DJDC-5,47.0,356.4
Rivière Châteauguay,chateauguay,2026-03-10,DJDC-5,59.1,320.7
Rivière Châteauguay,chateauguay,2026-03-11,DJDC-5,63.5,199.7
Rivière Châteauguay,chateauguay,2026-03-12,DJDC-5,67.4,210.4
Rivière Châteauguay,chateauguay,2026-03-13,DJDC-5,69.8,182.6
Rivière Châteauguay,chateauguay,2026-03-14,DJDC-5,73.6,112.1
Rivière Châteauguay,chateauguay,2026-03-15,DJDC-5,75.7,85.81
Rivière Châteauguay,chateauguay,2026-03-16,DJDC-5,89.0,85.88
Rivière Châteauguay,chateauguay,2026-03-17,DJDC-5,89.6,128.1
Rivière Châteauguay,chateauguay,2026-03-18,DJDC-5,86.7,88.58
Rivière Châteauguay,chateauguay,2026-03-19,DJDC-5,90.1,58.86
Rivière Châteauguay,chateauguay,2026-03-20,DJDC-5,92.4,47.87
Rivière Châteauguay,chateauguay,2026-03-21,DJDC-5,96.1,42.55
Rivière Châteauguay,chateauguay,2026-03-22,DJDC-5,98.8,41.38
Rivière Châteauguay,chateauguay,2026-03-23,DJDC-5,100.0,39.48
Rivière Châteauguay,chateauguay,2026-03-24,DJDC-5,102.6,34.73
Rivière Châteauguay,chateauguay,2026-03-25,DJDC-5,105.7,32.47
Rivière Châteauguay,chateauguay,2026-03-26,DJDC-5,113.2,35.08
Rivière Châteauguay,chateauguay,2026-03-27,DJDC-5,114.6,70.79
Rivière Châteauguay,chateauguay,2026-03-28,DJDC-5,114.4,79.37
Rivière Châteauguay,chateauguay,2026-03-29,DJDC-5,121.2,50.26
Rivière Châteauguay,chateauguay,2026-03-30,DJDC-5,135.1,47.16
Rivière Châteauguay,chateauguay,2026-03-31,DJDC-5,142.5,59.02
Rivière Châteauguay,chateauguay,2026-04-01,DJDC-5,148.6,133.0
Rivière Châteauguay,chateauguay,2026-04-02,DJDC-5,155.9,146.5
Rivière Châteauguay,chateauguay,2026-04-03,DJDC-5,170.7,112.4
Rivière Châteauguay,chateauguay,2026-04-04,DJDC-5,181.0,117.9
Rivière Châteauguay,chateauguay,2026-04-05,DJDC-5,191.5,134.0
Rivière Châteauguay,chateauguay,2026-04-06,DJDC-5,197.0,133.6
Rivière Châteauguay,chateauguay,2026-04-07,DJDC-5,198.7,89.87
Rivière Châteauguay,chateauguay,2026-04-08,DJDC-5,203.3,63.36
Rivière Châteauguay,chateauguay,2026-04-09,DJDC-5,215.7,52.65
Rivière Châteauguay,chateauguay,2026-04-10,DJDC-5,227.4,47.97
Rivière Châteauguay,chateauguay,2026-04-11,DJDC-5,234.7,48.12
Rivière Châteauguay,chateauguay,2026-04-12,DJDC-5,242.5,45.14
Rivière Châteauguay,chateauguay,2026-04-13,DJDC-5,258.7,45.14
Rivière Châteauguay,chateauguay,2026-04-14,DJDC-5,271.8,110.5
Rivière Châteauguay,chateauguay,2026-04-15,DJDC-5,284.5,161.3
Rivière Châteauguay,chateauguay,2026-04-16,DJDC-5,302.2,137.3
Rivière Châteauguay,chateauguay,2026-04-17,DJDC-5,318.7,134.6
Rivière Châteauguay,chateauguay,2026-04-18,DJDC-5,337.0,112.1
Rivière Châteauguay,chateauguay,2026-04-19,DJDC-5,349.9,82.64
Rivière Châteauguay,chateauguay,2026-04-20,DJDC-5,354.8,68.73
Rivière Châteauguay,chateauguay,2026-04-21,DJDC-5,365.8,58.46
Rivière Châteauguay,chateauguay,2026-04-22,DJDC-5,376.6,47.1
Rivière Châteauguay,chateauguay,2026-04-23,DJDC-5,387.6,40.41
Rivière Châteauguay,chateauguay,2026-04-24,DJDC-5,397.6,34.54
Rivière Châteauguay,chateauguay,2026-04-25,DJDC-5,408.6,30.93
Rivière Châteauguay,chateauguay,2026-04-26,DJDC-5,422.8,28.7
Rivière Châteauguay,chateauguay,2026-04-27,DJDC-5,439.5,25.96
Rivière Châteauguay,chateauguay,2026-04-28,DJDC-5,457.9,24.41
Rivière Châteauguay,chateauguay,2026-04-29,DJDC-5,478.5,22.93
Rivière Châteauguay,chateauguay,2026-04-30,DJDC-5,491.6,24.86
Rivière Châteauguay,chateauguay,2026-05-01,DJDC-5,504.2,36.24
Rivière Châteauguay,chateauguay,2026-05-02,DJDC-5,516.0,31.58
Rivière Châteauguay,chateauguay,2026-05-03,DJDC-5,529.2,28.25
Rivière Châteauguay,chateauguay,2026-05-04,DJDC-5,546.5,26.46
Rivière Châteauguay,chateauguay,2026-05-05,DJDC-5,566.5,25.52
Rivière Châteauguay,chateauguay,2026-05-06,DJDC-5,579.0,24.97
Rivière Châteauguay,chateauguay,2026-05-07,DJDC-5,592.8,50.51
Rivière Châteauguay,chateauguay,2026-05-08,DJDC-5,603.7,46.29
Rivière Châteauguay,chateauguay,2026-05-09,DJDC-5,616.6,34.66
Rivière Châteauguay,chateauguay,2026-05-10,DJDC-5,633.1,30.18
Rivière Châteauguay,chateauguay,2026-05-11,DJDC-5,647.2,25.35
Rivière Châteauguay,chateauguay,2026-05-12,DJDC-5,660.6,22.22
Rivière Châteauguay,chateauguay,2026-05-13,DJDC-5,672.9,20.56
Rivière Châteauguay,chateauguay,2026-05-14,DJDC-5,688.6,22.99
Rivière Châteauguay,chateauguay,2026-05-15,DJDC-5,709.985,30.7
Rivière Matane,matane,2025-10-15,DJGC,0.0,5.75
Rivière Matane,matane,2025-10-16,DJGC,0.0,5.801
Rivière Matane,matane,2025-10-17,DJGC,0.0,5.636
Rivière Matane,matane,2025-10-18,DJGC,0.0,5.527
Rivière Matane,matane,2025-10-19,DJGC,0.0,5.214
Rivière Matane,matane,2025-10-20,DJGC,0.0,4.935
Rivière Matane,matane,2025-10-21,DJGC,0.0,4.821
Rivière Matane,matane,2025-10-22,DJGC,0.0,4.908
Rivière Matane,matane,2025-10-23,DJGC,0.0,5.055
Rivière Matane,matane,2025-10-24,DJGC,0.0,5.237
Rivière Matane,matane,2025-10-25,DJGC,0.0,5.259
Rivière Matane,matane,2025-10-26,DJGC,0.0,5.059
Rivière Matane,matane,2025-10-27,DJGC,0.0,4.878
Rivière Matane,matane,2025-10-28,DJGC,0.0,4.765
Rivière Matane,matane,2025-10-29,DJGC,0.0,4.613
Rivière Matane,matane,2025-10-30,DJGC,0.0,4.521
Rivière Matane,matane,2025-10-31,DJGC,0.0,4.766
Rivière Matane,matane,2025-11-01,DJGC,0.0,7.607
Rivière Matane,matane,2025-11-02,DJGC,0.0,29.74
Rivière Matane,matane,2025-11-03,DJGC,0.0,22.05
Rivière Matane,matane,2025-11-04,DJGC,0.0,18.88
Rivière Matane,matane,2025-11-05,DJGC,0.0,21.67
Rivière Matane,matane,2025-11-06,DJGC,0.0,18.11
Rivière Matane,matane,2025-11-07,DJGC,1.7,15.47
Rivière Matane,matane,2025-11-08,DJGC,0.0,13.8
Rivière Matane,matane,2025-11-09,DJGC,3.0,13.26
Rivière Matane,matane,2025-11-10,DJGC,2.9,12.16
Rivière Matane,matane,2025-11-11,DJGC,0.0,34.26
Rivière Matane,matane,2025-11-12,DJGC,0.4,42.28
Rivière Matane,matane,2025-11-13,DJGC,3.6,30.48
Rivière Matane,matane,2025-11-14,DJGC,7.5,24.31
Rivière Matane,matane,2025-11-15,DJGC,11.0,20.55
Rivière Matane,matane,2025-11-16,DJGC,12.8,18.09
Rivière Matane,matane,2025-11-17,DJGC,11.7,17.99
Rivière Matane,matane,2025-11-18,DJGC,9.9,18.39
Rivière Matane,matane,2025-11-19,DJGC,9.1,16.96
Rivière Matane,matane,2025-11-20,DJGC,12.8,15.25
Rivière Matane,matane,2025-11-21,DJGC,17.2,13.4
Rivière Matane,matane,2025-11-22,DJGC,18.0,13.87
Rivière Matane,matane,2025-11-23,DJGC,20.9,13.17
Rivière Matane,matane,2025-11-24,DJGC,25.8,12.08
Rivière Matane,matane,2025-11-25,DJGC,25.8,11.49
Rivière Matane,matane,2025-11-26,DJGC,24.5,10.91
Rivière Matane,matane,2025-11-27,DJGC,24.3,10.72
Rivière Matane,matane,2025-11-28,DJGC,24.6,10.59
Rivière Matane,matane,2025-11-29,DJGC,28.8,10.1
Rivière Matane,matane,2025-11-30,DJGC,33.7,9.845
Rivière Matane,matane,2025-12-01,DJGC,41.3,9.703
Rivière Matane,matane,2025-12-02,DJGC,56.4,8.933
Rivière Matane,matane,2025-12-03,DJGC,69.6,9.488
Rivière Matane,matane,2025-12-04,DJGC,79.2,9.289
Rivière Matane,matane,2025-12-05,DJGC,95.6,7.181
Rivière Matane,matane,2025-12-06,DJGC,109.9,8.452
Rivière Matane,matane,2025-12-07,DJGC,126.1,5.835
Rivière Matane,matane,2025-12-08,DJGC,143.8,6.721
Rivière Matane,matane,2025-12-09,DJGC,157.7,10.44
Rivière Matane,matane,2025-12-10,DJGC,168.8,10.95
Rivière Matane,matane,2025-12-11,DJGC,173.6,7.744
Rivière Matane,matane,2025-12-12,DJGC,181.0,11.67
Rivière Matane,matane,2025-12-13,DJGC,191.6,8.656
Rivière Matane,matane,2025-12-14,DJGC,203.2,7.698
Rivière Matane,matane,2025-12-15,DJGC,214.8,8.973
Rivière Matane,matane,2025-12-16,DJGC,223.5,7.364
Rivière Matane,matane,2025-12-17,DJGC,226.5,7.634
Rivière Matane,matane,2025-12-18,DJGC,231.8,10.16
Rivière Matane,matane,2025-12-19,DJGC,225.4,7.036
Rivière Matane,matane,2025-12-20,DJGC,228.7,12.6
Rivière Matane,matane,2025-12-21,DJGC,233.3,20.2
Rivière Matane,matane,2025-12-22,DJGC,247.7,20.11
Rivière Matane,matane,2025-12-23,DJGC,268.4,16.87
Rivière Matane,matane,2025-12-24,DJGC,287.6,14.1
Rivière Matane,matane,2025-12-25,DJGC,297.6,12.63
Rivière Matane,matane,2025-12-26,DJGC,316.6,10.81
Rivière Matane,matane,2025-12-27,DJGC,335.5,11.05
Rivière Matane,matane,2025-12-28,DJGC,349.6,10.35
Rivière Matane,matane,2025-12-29,DJGC,360.9,10.03
Rivière Matane,matane,2025-12-30,DJGC,367.7,10.18
Rivière Matane,matane,2025-12-31,DJGC,385.5,9.146
Rivière Matane,matane,2026-01-01,DJGC,402.7,8.665
Rivière Matane,matane,2026-01-02,DJGC,414.8,9.046
Rivière Matane,matane,2026-01-03,DJGC,436.2,8.413
Rivière Matane,matane,2026-01-04,DJGC,460.2,8.146
Rivière Matane,matane,2026-01-05,DJGC,481.7,7.915
Rivière Matane,matane,2026-01-06,DJGC,498.3,7.707
Rivière Matane,matane,2026-01-07,DJGC,505.6,8.235
Rivière Matane,matane,2026-01-08,DJGC,507.9,7.903
Rivière Matane,matane,2026-01-09,DJGC,509.5,7.647
Rivière Matane,matane,2026-01-10,DJGC,514.6,8.048
Rivière Matane,matane,2026-01-11,DJGC,522.2,8.171
Rivière Matane,matane,2026-01-12,DJGC,533.7,8.166
Rivière Matane,matane,2026-01-13,DJGC,539.6,8.025
Rivière Matane,matane,2026-01-14,DJGC,538.9,7.948
Rivière Matane,matane,2026-01-15,DJGC,542.0,8.053
Rivière Matane,matane,2026-01-16,DJGC,556.3,8.404
Rivière Matane,matane,2026-01-17,DJGC,575.4,8.021
Rivière Matane,matane,2026-01-18,DJGC,590.3,8.014
Rivière Matane,matane,2026-01-19,DJGC,601.4,7.896
Rivière Matane,matane,2026-01-20,DJGC,615.6,7.925
Rivière Matane,matane,2026-01-21,DJGC,635.2,7.175
Rivière Matane,matane,2026-01-22,DJGC,649.7,7.356
Rivière Matane,matane,2026-01-23,DJGC,667.9,7.386
Rivière Matane,matane,2026-01-24,DJGC,689.6,6.995
Rivière Matane,matane,2026-01-25,DJGC,711.9,6.67
Rivière Matane,matane,2026-01-26,DJGC,728.7,6.796
Rivière Matane,matane,2026-01-27,DJGC,747.3,7.036
Rivière Matane,matane,2026-01-28,DJGC,766.4,6.751
Rivière Matane,matane,2026-01-29,DJGC,781.8,6.798
Rivière Matane,matane,2026-01-30,DJGC,794.1,6.855
Rivière Matane,matane,2026-01-31,DJGC,812.1,6.834
Rivière Matane,matane,2026-02-01,DJGC,831.4,6.639
Rivière Matane,matane,2026-02-02,DJGC,846.3,6.643
Rivière Matane,matane,2026-02-03,DJGC,860.8,6.531
Rivière Matane,matane,2026-02-04,DJGC,875.6,6.403
Rivière Matane,matane,2026-02-05,DJGC,894.8,6.361
Rivière Matane,matane,2026-02-06,DJGC,914.7,6.175
Rivière Matane,matane,2026-02-07,DJGC,929.3,6.14
Rivière Matane,matane,2026-02-08,DJGC,945.3,5.988
Rivière Matane,matane,2026-02-09,DJGC,958.9,5.962
Rivière Matane,matane,2026-02-10,DJGC,972.3,5.692
Rivière Matane,matane,2026-02-11,DJGC,983.1,5.563
Rivière Matane,matane,2026-02-12,DJGC,989.8,5.596
Rivière Matane,matane,2026-02-13,DJGC,1003.9,5.409
Rivière Matane,matane,2026-02-14,DJGC,1017.1,5.278
Rivière Matane,matane,2026-02-15,DJDC-5,0.0,5.338
Rivière Matane,matane,2026-02-16,DJDC-5,0.0,5.349
Rivière Matane,matane,2026-02-17,DJDC-5,0.0,5.27
Rivière Matane,matane,2026-02-18,DJDC-5,1.5,5.268
Rivière Matane,matane,2026-02-19,DJDC-5,0.0,5.434
Rivière Matane,matane,2026-02-20,DJDC-5,0.0,5.057
Rivière Matane,matane,2026-02-21,DJDC-5,0.0,5.082
Rivière Matane,matane,2026-02-22,DJDC-5,0.0,5.366
Rivière Matane,matane,2026-02-23,DJDC-5,0.0,5.17
Rivière Matane,matane,2026-02-24,DJDC-5,0.0,5.458
Rivière Matane,matane,2026-02-25,DJDC-5,0.0,5.417
Rivière Matane,matane,2026-02-26,DJDC-5,0.0,5.487
Rivière Matane,matane,2026-02-27,DJDC-5,0.0,5.196
Rivière Matane,matane,2026-02-28,DJDC-5,0.0,5.164
Rivière Matane,matane,2026-03-01,DJDC-5,0.0,5.182
Rivière Matane,matane,2026-03-02,DJDC-5,0.0,4.689
Rivière Matane,matane,2026-03-03,DJDC-5,0.0,4.616
Rivière Matane,matane,2026-03-04,DJDC-5,0.0,4.747
Rivière Matane,matane,2026-03-05,DJDC-5,0.0,4.266
Rivière Matane,matane,2026-03-06,DJDC-5,0.0,4.144
Rivière Matane,matane,2026-03-07,DJDC-5,0.8,4.39
Rivière Matane,matane,2026-03-08,DJDC-5,7.5,4.847
Rivière Matane,matane,2026-03-09,DJDC-5,16.7,5.743
Rivière Matane,matane,2026-03-10,DJDC-5,23.2,6.453
Rivière Matane,matane,2026-03-11,DJDC-5,20.4,6.499
Rivière Matane,matane,2026-03-12,DJDC-5,21.9,6.532
Rivière Matane,matane,2026-03-13,DJDC-5,15.3,6.536
Rivière Matane,matane,2026-03-14,DJDC-5,11.4,6.15
Rivière Matane,matane,2026-03-15,DJDC-5,10.4,5.809
Rivière Matane,matane,2026-03-16,DJDC-5,14.4,5.604
Rivière Matane,matane,2026-03-17,DJDC-5,19.8,6.209
Rivière Matane,matane,2026-03-18,DJDC-5,8.4,10.58
Rivière Matane,matane,2026-03-19,DJDC-5,0.9,13.53
Rivière Matane,matane,2026-03-20,DJDC-5,1.9,14.57
Rivière Matane,matane,2026-03-21,DJDC-5,0.0,12.68
Rivière Matane,matane,2026-03-22,DJDC-5,0.0,11.27
Rivière Matane,matane,2026-03-23,DJDC-5,0.0,9.901
Rivière Matane,matane,2026-03-24,DJDC-5,0.0,8.753
Rivière Matane,matane,2026-03-25,DJDC-5,0.0,7.567
Rivière Matane,matane,2026-03-26,DJDC-5,0.0,6.829
Rivière Matane,matane,2026-03-27,DJDC-5,0.0,6.527
Rivière Matane,matane,2026-03-28,DJDC-5,0.0,6.139
Rivière Matane,matane,2026-03-29,DJDC-5,0.0,5.835
Rivière Matane,matane,2026-03-30,DJDC-5,2.9,5.791
Rivière Matane,matane,2026-03-31,DJDC-5,3.0,5.691
Rivière Matane,matane,2026-04-01,DJDC-5,0.0,5.583
Rivière Matane,matane,2026-04-02,DJDC-5,0.0,5.297
Rivière Matane,matane,2026-04-03,DJDC-5,1.8,5.057
Rivière Matane,matane,2026-04-04,DJDC-5,5.1,4.839
Rivière Matane,matane,2026-04-05,DJDC-5,7.8,4.77
Rivière Matane,matane,2026-04-06,DJDC-5,9.7,4.818
Rivière Matane,matane,2026-04-07,DJDC-5,0.8,4.605
Rivière Matane,matane,2026-04-08,DJDC-5,0.0,4.214
Rivière Matane,matane,2026-04-09,DJDC-5,1.6,3.914
Rivière Matane,matane,2026-04-10,DJDC-5,12.0,3.643
Rivière Matane,matane,2026-04-11,DJDC-5,15.3,4.024
Rivière Matane,matane,2026-04-12,DJDC-5,20.0,3.887
Rivière Matane,matane,2026-04-13,DJDC-5,25.0,3.887
Rivière Matane,matane,2026-04-14,DJDC-5,34.6,8.156
Rivière Matane,matane,2026-04-15,DJDC-5,42.5,11.76
Rivière Matane,matane,2026-04-16,DJDC-5,53.6,11.73
Rivière Matane,matane,2026-04-17,DJDC-5,62.0,23.5
Rivière Matane,matane,2026-04-18,DJDC-5,70.7,49.44
Rivière Matane,matane,2026-04-19,DJDC-5,78.0,84.22
Rivière Matane,matane,2026-04-20,DJDC-5,76.7,190.9
Rivière Matane,matane,2026-04-21,DJDC-5,79.629,133.8
Rivière Matane,matane,2026-04-22,DJDC-5,80.7,91.12
Rivière Matane,matane,2026-04-23,DJDC-5,89.2,76.21
Rivière Matane,matane,2026-04-24,DJDC-5,97.271,74.95
Rivière Matane,matane,2026-04-25,DJDC-5,105.3,64.78
Rivière Matane,matane,2026-04-26,DJDC-5,116.0,90.27
Rivière Matane,matane,2026-04-27,DJDC-5,127.9,125.8
Rivière Matane,matane,2026-04-28,DJDC-5,141.1,157.9
Rivière Matane,matane,2026-04-29,DJDC-5,153.0,251.9
Rivière Matane,matane,2026-04-30,DJDC-5,167.1,297.6
Rivière Matane,matane,2026-05-01,DJDC-5,177.5,330.8
Rivière Matane,matane,2026-05-02,DJDC-5,190.1,301.4
Rivière Matane,matane,2026-05-03,DJDC-5,199.2,230.0
Rivière Matane,matane,2026-05-04,DJDC-5,208.7,210.3
Rivière Matane,matane,2026-05-05,DJDC-5,223.7,196.7
Rivière Matane,matane,2026-05-06,DJDC-5,237.2,254.9
Rivière Matane,matane,2026-05-07,DJDC-5,250.8,332.3
Rivière Matane,matane,2026-05-08,DJDC-5,258.8,244.2
Rivière Matane,matane,2026-05-09,DJDC-5,268.4,171.0
Rivière Matane,matane,2026-05-10,DJDC-5,279.4,139.4
Rivière Matane,matane,2026-05-11,DJDC-5,288.6,160.4
Rivière Matane,matane,2026-05-12,DJDC-5,294.7,133.3
Rivière Matane,matane,2026-05-13,DJDC-5,304.8,104.2
Rivière Matane,matane,2026-05-14,DJDC-5,318.0,91.56
Rivière Matane,matane,2026-05-15,DJDC-5,337.231,83.4
Rivière Matapédia,matapedia,2025-10-15,DJGC,0.0,5.652
Rivière Matapédia,matapedia,2025-10-16,DJGC,0.0,5.873
Rivière Matapédia,matapedia,2025-10-17,DJGC,0.0,5.813
Rivière Matapédia,matapedia,2025-10-18,DJGC,0.0,5.708
Rivière Matapédia,matapedia,2025-10-19,DJGC,0.0,5.543
Rivière Matapédia,matapedia,2025-10-20,DJGC,0.0,5.368
Rivière Matapédia,matapedia,2025-10-21,DJGC,0.0,5.464
Rivière Matapédia,matapedia,2025-10-22,DJGC,0.0,5.869
Rivière Matapédia,matapedia,2025-10-23,DJGC,0.0,6.047
Rivière Matapédia,matapedia,2025-10-24,DJGC,0.0,6.328
Rivière Matapédia,matapedia,2025-10-25,DJGC,0.0,6.32
Rivière Matapédia,matapedia,2025-10-26,DJGC,0.0,6.001
Rivière Matapédia,matapedia,2025-10-27,DJGC,0.0,5.735
Rivière Matapédia,matapedia,2025-10-28,DJGC,0.0,5.52
Rivière Matapédia,matapedia,2025-10-29,DJGC,0.0,5.371
Rivière Matapédia,matapedia,2025-10-30,DJGC,0.0,5.263
Rivière Matapédia,matapedia,2025-10-31,DJGC,0.0,6.006
Rivière Matapédia,matapedia,2025-11-01,DJGC,0.0,8.717
Rivière Matapédia,matapedia,2025-11-02,DJGC,0.0,11.62
Rivière Matapédia,matapedia,2025-11-03,DJGC,0.0,11.91
Rivière Matapédia,matapedia,2025-11-04,DJGC,0.0,11.18
Rivière Matapédia,matapedia,2025-11-05,DJGC,0.0,11.27
Rivière Matapédia,matapedia,2025-11-06,DJGC,0.0,10.84
Rivière Matapédia,matapedia,2025-11-07,DJGC,1.7,10.34
Rivière Matapédia,matapedia,2025-11-08,DJGC,0.0,9.545
Rivière Matapédia,matapedia,2025-11-09,DJGC,3.0,9.439
Rivière Matapédia,matapedia,2025-11-10,DJGC,2.9,9.123
Rivière Matapédia,matapedia,2025-11-11,DJGC,0.0,13.63
Rivière Matapédia,matapedia,2025-11-12,DJGC,0.4,22.46
Rivière Matapédia,matapedia,2025-11-13,DJGC,3.6,19.2
Rivière Matapédia,matapedia,2025-11-14,DJGC,7.5,15.99
Rivière Matapédia,matapedia,2025-11-15,DJGC,11.0,14.51
Rivière Matapédia,matapedia,2025-11-16,DJGC,12.8,12.98
Rivière Matapédia,matapedia,2025-11-17,DJGC,11.7,12.87
Rivière Matapédia,matapedia,2025-11-18,DJGC,9.9,12.56
Rivière Matapédia,matapedia,2025-11-19,DJGC,9.1,12.17
Rivière Matapédia,matapedia,2025-11-20,DJGC,12.8,12.06
Rivière Matapédia,matapedia,2025-11-21,DJGC,17.2,11.17
Rivière Matapédia,matapedia,2025-11-22,DJGC,18.0,10.9
Rivière Matapédia,matapedia,2025-11-23,DJGC,20.9,10.87
Rivière Matapédia,matapedia,2025-11-24,DJGC,25.8,10.31
Rivière Matapédia,matapedia,2025-11-25,DJGC,25.8,10.29
Rivière Matapédia,matapedia,2025-11-26,DJGC,24.5,9.968
Rivière Matapédia,matapedia,2025-11-27,DJGC,24.3,9.972
Rivière Matapédia,matapedia,2025-11-28,DJGC,24.6,10.04
Rivière Matapédia,matapedia,2025-11-29,DJGC,28.8,9.937
Rivière Matapédia,matapedia,2025-11-30,DJGC,33.7,9.405
Rivière Matapédia,matapedia,2025-12-01,DJGC,41.3,9.418
Rivière Matapédia,matapedia,2025-12-02,DJGC,56.4,9.152
Rivière Matapédia,matapedia,2025-12-03,DJGC,69.6,8.693
Rivière Matapédia,matapedia,2025-12-04,DJGC,79.2,8.855
Rivière Matapédia,matapedia,2025-12-05,DJGC,95.6,11.55
Rivière Matapédia,matapedia,2025-12-06,DJGC,109.9,9.917
Rivière Matapédia,matapedia,2025-12-07,DJGC,126.1,9.269
Rivière Matapédia,matapedia,2025-12-08,DJGC,143.8,8.725
Rivière Matapédia,matapedia,2025-12-09,DJGC,157.7,8.985
Rivière Matapédia,matapedia,2025-12-10,DJGC,168.8,8.593
Rivière Matapédia,matapedia,2025-12-11,DJGC,173.6,8.848
Rivière Matapédia,matapedia,2025-12-12,DJGC,181.0,8.483
Rivière Matapédia,matapedia,2025-12-13,DJGC,191.6,8.483
Rivière Matapédia,matapedia,2025-12-14,DJGC,203.2,8.483
Rivière Matapédia,matapedia,2025-12-15,DJGC,214.8,8.483
Rivière Matapédia,matapedia,2025-12-16,DJGC,223.5,7.659
Rivière Matapédia,matapedia,2025-12-17,DJGC,226.5,7.659
Rivière Matapédia,matapedia,2025-12-18,DJGC,231.8,7.659
Rivière Matapédia,matapedia,2025-12-19,DJGC,225.4,7.659
Rivière Matapédia,matapedia,2025-12-20,DJGC,228.7,7.659
Rivière Matapédia,matapedia,2025-12-21,DJGC,233.3,7.659
Rivière Matapédia,matapedia,2025-12-22,DJGC,247.7,7.659
Rivière Matapédia,matapedia,2025-12-23,DJGC,268.4,8.495
Rivière Matapédia,matapedia,2025-12-24,DJGC,287.6,9.536
Rivière Matapédia,matapedia,2025-12-25,DJGC,297.6,9.536
Rivière Matapédia,matapedia,2026-02-11,DJGC,983.1,7.829
Rivière Matapédia,matapedia,2026-02-12,DJGC,989.8,7.729
Rivière Matapédia,matapedia,2026-02-13,DJGC,1003.9,7.659
Rivière Matapédia,matapedia,2026-02-14,DJGC,1017.1,7.454
Rivière Matapédia,matapedia,2026-02-15,DJDC-5,0.0,7.342
Rivière Matapédia,matapedia,2026-02-16,DJDC-5,0.0,7.281
Rivière Matapédia,matapedia,2026-02-17,DJDC-5,0.0,7.397
Rivière Matapédia,matapedia,2026-02-18,DJDC-5,1.5,7.551
Rivière Matapédia,matapedia,2026-02-19,DJDC-5,0.0,7.635
Rivière Matapédia,matapedia,2026-02-20,DJDC-5,0.0,7.752
Rivière Matapédia,matapedia,2026-02-21,DJDC-5,0.0,7.818
Rivière Matapédia,matapedia,2026-02-22,DJDC-5,0.0,8.029
Rivière Matapédia,matapedia,2026-02-23,DJDC-5,0.0,8.087
Rivière Matapédia,matapedia,2026-02-24,DJDC-5,0.0,8.057
Rivière Matapédia,matapedia,2026-02-25,DJDC-5,0.0,8.011
Rivière Matapédia,matapedia,2026-02-26,DJDC-5,0.0,7.99
Rivière Matapédia,matapedia,2026-02-27,DJDC-5,0.0,7.91
Rivière Matapédia,matapedia,2026-02-28,DJDC-5,0.0,7.86
Rivière Matapédia,matapedia,2026-03-01,DJDC-5,0.0,7.911
Rivière Matapédia,matapedia,2026-03-02,DJDC-5,0.0,7.767
Rivière Matapédia,matapedia,2026-03-03,DJDC-5,0.0,7.576
Rivière Matapédia,matapedia,2026-03-04,DJDC-5,0.0,7.707
Rivière Matapédia,matapedia,2026-03-05,DJDC-5,0.0,7.673
Rivière Matapédia,matapedia,2026-03-06,DJDC-5,0.0,7.461
Rivière Matapédia,matapedia,2026-03-07,DJDC-5,0.8,7.503
Rivière Matapédia,matapedia,2026-03-08,DJDC-5,7.5,7.752
Rivière Matapédia,matapedia,2026-03-09,DJDC-5,16.7,7.98
Rivière Matapédia,matapedia,2026-03-10,DJDC-5,23.2,8.086
Rivière Matapédia,matapedia,2026-03-11,DJDC-5,20.4,8.151
Rivière Matapédia,matapedia,2026-03-12,DJDC-5,21.9,8.076
Rivière Matapédia,matapedia,2026-03-13,DJDC-5,15.3,8.003
Rivière Matapédia,matapedia,2026-03-14,DJDC-5,11.4,7.79
Rivière Matapédia,matapedia,2026-03-15,DJDC-5,10.4,7.591
Rivière Matapédia,matapedia,2026-03-16,DJDC-5,14.4,7.346
Rivière Matapédia,matapedia,2026-03-17,DJDC-5,19.8,7.611
Rivière Matapédia,matapedia,2026-03-18,DJDC-5,8.4,7.939
Rivière Matapédia,matapedia,2026-03-19,DJDC-5,0.9,8.372
Rivière Matapédia,matapedia,2026-03-20,DJDC-5,1.9,8.896
Rivière Matapédia,matapedia,2026-03-21,DJDC-5,0.0,9.41
Rivière Matapédia,matapedia,2026-03-22,DJDC-5,0.0,9.632
Rivière Matapédia,matapedia,2026-03-23,DJDC-5,0.0,9.726
Rivière Matapédia,matapedia,2026-03-24,DJDC-5,0.0,9.679
Rivière Matapédia,matapedia,2026-03-25,DJDC-5,0.0,9.621
Rivière Matapédia,matapedia,2026-03-26,DJDC-5,0.0,9.331
Rivière Matapédia,matapedia,2026-03-27,DJDC-5,0.0,9.329
Rivière Matapédia,matapedia,2026-03-28,DJDC-5,0.0,8.884
Rivière Matapédia,matapedia,2026-03-29,DJDC-5,0.0,8.663
Rivière Matapédia,matapedia,2026-03-30,DJDC-5,2.9,8.713
Rivière Matapédia,matapedia,2026-03-31,DJDC-5,3.0,8.78
Rivière Matapédia,matapedia,2026-04-01,DJDC-5,0.0,8.86
Rivière Matapédia,matapedia,2026-04-02,DJDC-5,0.0,8.842
Rivière Matapédia,matapedia,2026-04-03,DJDC-5,1.8,8.997
Rivière Matapédia,matapedia,2026-04-04,DJDC-5,5.1,9.256
Rivière Matapédia,matapedia,2026-04-05,DJDC-5,7.8,9.392
Rivière Matapédia,matapedia,2026-04-06,DJDC-5,9.7,9.757
Rivière Matapédia,matapedia,2026-04-07,DJDC-5,0.8,9.95
Rivière Matapédia,matapedia,2026-04-08,DJDC-5,0.0,9.634
Rivière Matapédia,matapedia,2026-04-09,DJDC-5,1.6,9.817
Rivière Matapédia,matapedia,2026-04-10,DJDC-5,12.0,10.17
Rivière Matapédia,matapedia,2026-04-11,DJDC-5,15.3,11.19
Rivière Matapédia,matapedia,2026-04-12,DJDC-5,20.0,12.02
Rivière Matapédia,matapedia,2026-04-13,DJDC-5,25.0,12.16
Rivière Matapédia,matapedia,2026-04-14,DJDC-5,34.6,15.86
Rivière Matapédia,matapedia,2026-04-15,DJDC-5,42.5,14.77
Rivière Matapédia,matapedia,2026-04-16,DJDC-5,53.6,21.09
Rivière Matapédia,matapedia,2026-04-17,DJDC-5,62.0,28.71
Rivière Matapédia,matapedia,2026-04-18,DJDC-5,70.7,36.9
Rivière Matapédia,matapedia,2026-04-19,DJDC-5,78.0,45.3
Rivière Matapédia,matapedia,2026-04-20,DJDC-5,76.7,74.83
Rivière Matapédia,matapedia,2026-04-21,DJDC-5,79.629,72.56
Rivière Matapédia,matapedia,2026-04-22,DJDC-5,80.7,83.74
Rivière Matapédia,matapedia,2026-04-23,DJDC-5,89.2,79.9
Rivière Matapédia,matapedia,2026-04-24,DJDC-5,97.271,76.41
Rivière Matapédia,matapedia,2026-04-25,DJDC-5,105.3,70.86
Rivière Matapédia,matapedia,2026-04-26,DJDC-5,116.0,78.44
Rivière Matapédia,matapedia,2026-04-27,DJDC-5,127.9,105.1
Rivière Matapédia,matapedia,2026-04-28,DJDC-5,141.1,119.2
Rivière Matapédia,matapedia,2026-04-29,DJDC-5,153.0,268.8
Rivière Matapédia,matapedia,2026-04-30,DJDC-5,167.1,321.1
Rivière Matapédia,matapedia,2026-05-01,DJDC-5,177.5,392.3
Rivière Matapédia,matapedia,2026-05-02,DJDC-5,190.1,419.7
Rivière Matapédia,matapedia,2026-05-03,DJDC-5,199.2,384.8
Rivière Matapédia,matapedia,2026-05-04,DJDC-5,208.7,330.9
Rivière Matapédia,matapedia,2026-05-05,DJDC-5,223.7,328.4
Rivière Matapédia,matapedia,2026-05-06,DJDC-5,237.2,337.5
Rivière Matapédia,matapedia,2026-05-07,DJDC-5,250.8,452.6
Rivière Matapédia,matapedia,2026-05-08,DJDC-5,258.8,401.1
Rivière Matapédia,matapedia,2026-05-09,DJDC-5,268.4,318.2
Rivière Matapédia,matapedia,2026-05-10,DJDC-5,279.4,276.8
Rivière Matapédia,matapedia,2026-05-11,DJDC-5,288.6,259.6
Rivière Matapédia,matapedia,2026-05-12,DJDC-5,294.7,238.0
Rivière Matapédia,matapedia,2026-05-13,DJDC-5,304.8,208.3
Rivière Matapédia,matapedia,2026-05-14,DJDC-5,318.0,184.6
Rivière Matapédia,matapedia,2026-05-15,DJDC-5,337.231,171.0
Rivière Mistassini,mistassini,2025-10-15,DJGC,0.0,86.35
Rivière Mistassini,mistassini,2025-10-16,DJGC,0.0,83.47
Rivière Mistassini,mistassini,2025-10-17,DJGC,0.0,80.28
Rivière Mistassini,mistassini,2025-10-18,DJGC,0.0,77.72
Rivière Mistassini,mistassini,2025-10-19,DJGC,0.0,76.0
Rivière Mistassini,mistassini,2025-10-20,DJGC,0.0,75.37
Rivière Mistassini,mistassini,2025-10-21,DJGC,0.0,77.3
Rivière Mistassini,mistassini,2025-10-22,DJGC,0.0,80.25
Rivière Mistassini,mistassini,2025-10-23,DJGC,0.0,95.97
Rivière Mistassini,mistassini,2025-10-24,DJGC,0.0,112.5
Rivière Mistassini,mistassini,2025-10-25,DJGC,0.0,138.0
Rivière Mistassini,mistassini,2025-10-26,DJGC,0.0,153.4
Rivière Mistassini,mistassini,2025-10-27,DJGC,0.0,154.0
Rivière Mistassini,mistassini,2025-10-28,DJGC,0.0,151.1
Rivière Mistassini,mistassini,2025-10-29,DJGC,0.0,145.2
Rivière Mistassini,mistassini,2025-10-30,DJGC,0.0,138.8
Rivière Mistassini,mistassini,2025-10-31,DJGC,0.0,142.7
Rivière Mistassini,mistassini,2025-11-01,DJGC,0.0,169.1
Rivière Mistassini,mistassini,2025-11-02,DJGC,0.0,223.2
Rivière Mistassini,mistassini,2025-11-03,DJGC,0.0,248.8
Rivière Mistassini,mistassini,2025-11-04,DJGC,0.0,237.2
Rivière Mistassini,mistassini,2025-11-05,DJGC,0.0,225.9
Rivière Mistassini,mistassini,2025-11-06,DJGC,0.0,213.2
Rivière Mistassini,mistassini,2025-11-07,DJGC,2.5,196.7
Rivière Mistassini,mistassini,2025-11-08,DJGC,5.7,187.9
Rivière Mistassini,mistassini,2025-11-09,DJGC,13.2,177.1
Rivière Mistassini,mistassini,2025-11-10,DJGC,16.7,163.1
Rivière Mistassini,mistassini,2025-11-11,DJGC,19.8,149.6
Rivière Mistassini,mistassini,2025-11-12,DJGC,23.7,131.8
Rivière Mistassini,mistassini,2025-11-13,DJGC,27.4,139.6
Rivière Mistassini,mistassini,2025-11-14,DJGC,29.8,144.0
Rivière Mistassini,mistassini,2025-11-15,DJGC,36.5,143.5
Rivière Mistassini,mistassini,2025-11-16,DJGC,41.6,126.2
Rivière Mistassini,mistassini,2025-11-17,DJGC,42.2,111.9
Rivière Mistassini,mistassini,2025-11-18,DJGC,43.2,114.6
Rivière Mistassini,mistassini,2025-11-19,DJGC,46.5,121.6
Rivière Mistassini,mistassini,2025-11-20,DJGC,52.6,116.1
Rivière Mistassini,mistassini,2025-11-21,DJGC,53.4,110.8
Rivière Mistassini,mistassini,2025-11-22,DJGC,56.0,106.7
Rivière Mistassini,mistassini,2025-11-23,DJGC,61.1,100.9
Rivière Mistassini,mistassini,2025-11-24,DJGC,62.9,99.78
Rivière Mistassini,mistassini,2025-11-25,DJGC,62.6,99.81
Rivière Mistassini,mistassini,2025-11-26,DJGC,62.6,102.6
Rivière Mistassini,mistassini,2025-11-27,DJGC,62.2,104.3
Rivière Mistassini,mistassini,2025-11-28,DJGC,65.5,97.56
Rivière Mistassini,mistassini,2025-11-29,DJGC,74.2,97.84
Rivière Mistassini,mistassini,2025-11-30,DJGC,82.3,91.49
Rivière Mistassini,mistassini,2025-12-01,DJGC,97.0,78.4
Rivière Mistassini,mistassini,2025-12-02,DJGC,111.3,75.11
Rivière Mistassini,mistassini,2025-12-03,DJGC,124.3,67.29
Rivière Mistassini,mistassini,2025-12-04,DJGC,139.4,68.67
Rivière Mistassini,mistassini,2025-12-05,DJGC,158.8,66.95
Rivière Mistassini,mistassini,2025-12-06,DJGC,169.6,71.62
Rivière Mistassini,mistassini,2025-12-07,DJGC,191.6,74.34
Rivière Mistassini,mistassini,2025-12-08,DJGC,211.4,63.9
Rivière Mistassini,mistassini,2025-12-09,DJGC,225.9,75.23
Rivière Mistassini,mistassini,2025-12-10,DJGC,237.0,78.55
Rivière Mistassini,mistassini,2025-12-11,DJGC,245.5,77.47
Rivière Mistassini,mistassini,2025-12-12,DJGC,254.6,74.37
Rivière Mistassini,mistassini,2025-12-13,DJGC,264.7,70.94
Rivière Mistassini,mistassini,2025-12-14,DJGC,277.0,69.39
Rivière Mistassini,mistassini,2025-12-15,DJGC,292.1,65.82
Rivière Mistassini,mistassini,2025-12-16,DJGC,304.5,64.16
Rivière Mistassini,mistassini,2025-12-17,DJGC,309.9,64.91
Rivière Mistassini,mistassini,2025-12-18,DJGC,315.0,64.4
Rivière Mistassini,mistassini,2025-12-19,DJGC,316.6,66.01
Rivière Mistassini,mistassini,2025-12-20,DJGC,326.0,62.87
Rivière Mistassini,mistassini,2025-12-21,DJGC,334.2,59.0
Rivière Mistassini,mistassini,2025-12-22,DJGC,352.9,65.61
Rivière Mistassini,mistassini,2025-12-23,DJGC,373.0,74.65
Rivière Mistassini,mistassini,2025-12-24,DJGC,386.9,73.55
Rivière Mistassini,mistassini,2025-12-25,DJGC,402.7,67.26
Rivière Mistassini,mistassini,2025-12-26,DJGC,423.6,60.92
Rivière Mistassini,mistassini,2025-12-27,DJGC,441.3,61.02
Rivière Mistassini,mistassini,2025-12-28,DJGC,459.4,59.79
Rivière Mistassini,mistassini,2025-12-29,DJGC,469.0,59.4
Rivière Mistassini,mistassini,2025-12-30,DJGC,479.8,60.41
Rivière Mistassini,mistassini,2025-12-31,DJGC,501.0,60.83
Rivière Mistassini,mistassini,2026-01-01,DJGC,524.2,61.62
Rivière Mistassini,mistassini,2026-01-02,DJGC,546.4,61.6
Rivière Mistassini,mistassini,2026-01-03,DJGC,567.8,61.22
Rivière Mistassini,mistassini,2026-01-04,DJGC,588.7,61.2
Rivière Mistassini,mistassini,2026-01-05,DJGC,611.6,61.47
Rivière Mistassini,mistassini,2026-01-06,DJGC,622.3,59.66
Rivière Mistassini,mistassini,2026-01-07,DJGC,629.1,57.93
Rivière Mistassini,mistassini,2026-01-08,DJGC,632.4,56.58
Rivière Mistassini,mistassini,2026-01-09,DJGC,631.7,55.23
Rivière Mistassini,mistassini,2026-01-10,DJGC,639.2,55.53
Rivière Mistassini,mistassini,2026-01-11,DJGC,647.7,54.39
Rivière Mistassini,mistassini,2026-01-12,DJGC,659.8,53.74
Rivière Mistassini,mistassini,2026-01-13,DJGC,666.3,53.07
Rivière Mistassini,mistassini,2026-01-14,DJGC,670.9,53.24
Rivière Mistassini,mistassini,2026-01-15,DJGC,686.4,52.0
Rivière Mistassini,mistassini,2026-01-16,DJGC,707.9,51.0
Rivière Mistassini,mistassini,2026-01-17,DJGC,729.4,51.15
Rivière Mistassini,mistassini,2026-01-18,DJGC,742.2,50.15
Rivière Mistassini,mistassini,2026-01-19,DJGC,760.1,48.76
Rivière Mistassini,mistassini,2026-01-20,DJGC,781.5,47.8
Rivière Mistassini,mistassini,2026-01-21,DJGC,803.8,46.99
Rivière Mistassini,mistassini,2026-01-22,DJGC,816.4,46.64
Rivière Mistassini,mistassini,2026-01-23,DJGC,836.2,45.82
Rivière Mistassini,mistassini,2026-01-24,DJGC,865.7,45.27
Rivière Mistassini,mistassini,2026-01-25,DJGC,896.1,45.98
Rivière Mistassini,mistassini,2026-01-26,DJGC,918.0,45.89
Rivière Mistassini,mistassini,2026-01-27,DJGC,938.8,45.21
Rivière Mistassini,mistassini,2026-01-28,DJGC,961.9,44.2
Rivière Mistassini,mistassini,2026-01-29,DJGC,981.8,43.49
Rivière Mistassini,mistassini,2026-01-30,DJGC,998.0,43.09
Rivière Mistassini,mistassini,2026-01-31,DJGC,1016.3,42.53
Rivière Mistassini,mistassini,2026-02-01,DJGC,1033.4,43.1
Rivière Mistassini,mistassini,2026-02-02,DJGC,1045.9,42.55
Rivière Mistassini,mistassini,2026-02-03,DJGC,1063.1,41.74
Rivière Mistassini,mistassini,2026-02-04,DJGC,1077.4,41.66
Rivière Mistassini,mistassini,2026-02-05,DJGC,1098.8,41.4
Rivière Mistassini,mistassini,2026-02-06,DJGC,1119.9,41.14
Rivière Mistassini,mistassini,2026-02-07,DJGC,1137.1,41.18
Rivière Mistassini,mistassini,2026-02-08,DJGC,1154.6,40.32
Rivière Mistassini,mistassini,2026-02-09,DJGC,1172.2,40.96
Rivière Mistassini,mistassini,2026-02-10,DJGC,1191.2,40.98
Rivière Mistassini,mistassini,2026-02-11,DJGC,1200.1,40.69
Rivière Mistassini,mistassini,2026-02-12,DJGC,1212.2,40.17
Rivière Mistassini,mistassini,2026-02-13,DJGC,1222.1,39.27
Rivière Mistassini,mistassini,2026-02-14,DJGC,1234.2,39.0
Rivière Mistassini,mistassini,2026-02-15,DJDC-5,0.0,38.58
Rivière Mistassini,mistassini,2026-02-16,DJDC-5,0.0,37.45
Rivière Mistassini,mistassini,2026-02-17,DJDC-5,2.7,36.89
Rivière Mistassini,mistassini,2026-02-18,DJDC-5,0.0,36.27
Rivière Mistassini,mistassini,2026-02-19,DJDC-5,0.0,35.63
Rivière Mistassini,mistassini,2026-02-20,DJDC-5,0.0,35.87
Rivière Mistassini,mistassini,2026-02-21,DJDC-5,0.0,35.49
Rivière Mistassini,mistassini,2026-02-22,DJDC-5,0.0,35.85
Rivière Mistassini,mistassini,2026-02-23,DJDC-5,0.0,35.66
Rivière Mistassini,mistassini,2026-02-24,DJDC-5,0.0,35.0
Rivière Mistassini,mistassini,2026-02-25,DJDC-5,0.0,34.08
Rivière Mistassini,mistassini,2026-02-26,DJDC-5,0.0,33.63
Rivière Mistassini,mistassini,2026-02-27,DJDC-5,0.0,32.57
Rivière Mistassini,mistassini,2026-02-28,DJDC-5,0.0,32.55
Rivière Mistassini,mistassini,2026-03-01,DJDC-5,0.0,32.24
Rivière Mistassini,mistassini,2026-03-02,DJDC-5,0.0,32.81
Rivière Mistassini,mistassini,2026-03-03,DJDC-5,0.0,33.58
Rivière Mistassini,mistassini,2026-03-04,DJDC-5,0.0,34.02
Rivière Mistassini,mistassini,2026-03-05,DJDC-5,0.0,35.05
Rivière Mistassini,mistassini,2026-03-06,DJDC-5,0.0,36.43
Rivière Mistassini,mistassini,2026-03-07,DJDC-5,4.5,36.82
Rivière Mistassini,mistassini,2026-03-08,DJDC-5,9.8,32.74
Rivière Mistassini,mistassini,2026-03-09,DJDC-5,18.0,29.81
Rivière Mistassini,mistassini,2026-03-10,DJDC-5,14.6,29.38
Rivière Mistassini,mistassini,2026-03-11,DJDC-5,7.2,29.68
Rivière Mistassini,mistassini,2026-03-12,DJDC-5,4.2,32.39
Rivière Mistassini,mistassini,2026-03-13,DJDC-5,0.0,34.65
Rivière Mistassini,mistassini,2026-03-14,DJDC-5,0.0,36.89
Rivière Mistassini,mistassini,2026-03-15,DJDC-5,0.0,38.2
Rivière Mistassini,mistassini,2026-03-16,DJDC-5,3.0,39.69
Rivière Mistassini,mistassini,2026-03-17,DJDC-5,0.2,39.87
Rivière Mistassini,mistassini,2026-03-18,DJDC-5,0.0,40.23
Rivière Mistassini,mistassini,2026-03-19,DJDC-5,0.0,43.37
Rivière Mistassini,mistassini,2026-03-20,DJDC-5,0.0,50.94
Rivière Mistassini,mistassini,2026-03-21,DJDC-5,0.0,60.17
Rivière Mistassini,mistassini,2026-03-22,DJDC-5,0.0,69.82
Rivière Mistassini,mistassini,2026-03-23,DJDC-5,0.0,72.05
Rivière Mistassini,mistassini,2026-03-24,DJDC-5,0.0,74.54
Rivière Mistassini,mistassini,2026-03-25,DJDC-5,0.0,72.19
Rivière Mistassini,mistassini,2026-03-26,DJDC-5,0.0,69.03
Rivière Mistassini,mistassini,2026-03-27,DJDC-5,0.0,66.46
Rivière Mistassini,mistassini,2026-03-28,DJDC-5,0.0,63.83
Rivière Mistassini,mistassini,2026-03-29,DJDC-5,0.0,60.9
Rivière Mistassini,mistassini,2026-03-30,DJDC-5,0.0,58.42
Rivière Mistassini,mistassini,2026-03-31,DJDC-5,0.0,55.96
Rivière Mistassini,mistassini,2026-04-01,DJDC-5,0.0,53.52
Rivière Mistassini,mistassini,2026-04-02,DJDC-5,0.0,51.47
Rivière Mistassini,mistassini,2026-04-03,DJDC-5,2.3,50.39
Rivière Mistassini,mistassini,2026-04-04,DJDC-5,1.3,48.43
Rivière Mistassini,mistassini,2026-04-05,DJDC-5,8.9,47.03
Rivière Mistassini,mistassini,2026-04-06,DJDC-5,6.0,45.64
Rivière Mistassini,mistassini,2026-04-07,DJDC-5,0.0,45.45
Rivière Mistassini,mistassini,2026-04-08,DJDC-5,0.0,45.97
Rivière Mistassini,mistassini,2026-04-09,DJDC-5,7.6,46.0
Rivière Mistassini,mistassini,2026-04-10,DJDC-5,12.6,45.73
Rivière Mistassini,mistassini,2026-04-11,DJDC-5,16.1,44.57
Rivière Mistassini,mistassini,2026-04-12,DJDC-5,18.9,44.67
Rivière Mistassini,mistassini,2026-04-13,DJDC-5,28.4,44.67
Rivière Mistassini,mistassini,2026-04-14,DJDC-5,33.1,68.29
Rivière Mistassini,mistassini,2026-04-15,DJDC-5,38.9,78.61
Rivière Mistassini,mistassini,2026-04-16,DJDC-5,46.6,97.97
Rivière Mistassini,mistassini,2026-04-17,DJDC-5,53.9,125.1
Rivière Mistassini,mistassini,2026-04-18,DJDC-5,62.6,155.7
Rivière Mistassini,mistassini,2026-04-19,DJDC-5,68.2,213.0
Rivière Mistassini,mistassini,2026-04-20,DJDC-5,66.6,296.4
Rivière Mistassini,mistassini,2026-04-21,DJDC-5,73.171,359.0
Rivière Mistassini,mistassini,2026-04-22,DJDC-5,75.2,371.3
Rivière Mistassini,mistassini,2026-04-23,DJDC-5,81.7,379.3
Rivière Mistassini,mistassini,2026-04-24,DJDC-5,90.843,366.8
Rivière Mistassini,mistassini,2026-04-25,DJDC-5,102.1,370.9
Rivière Mistassini,mistassini,2026-04-26,DJDC-5,115.2,414.8
Rivière Mistassini,mistassini,2026-04-27,DJDC-5,129.9,458.8
Rivière Mistassini,mistassini,2026-04-28,DJDC-5,145.5,748.9
Rivière Mistassini,mistassini,2026-04-29,DJDC-5,159.1,921.4
Rivière Mistassini,mistassini,2026-04-30,DJDC-5,168.1,1114.0
Rivière Mistassini,mistassini,2026-05-01,DJDC-5,176.1,1463.0
Rivière Mistassini,mistassini,2026-05-02,DJDC-5,184.5,1502.0
Rivière Mistassini,mistassini,2026-05-03,DJDC-5,191.6,1322.0
Rivière Mistassini,mistassini,2026-05-04,DJDC-5,201.8,1101.0
Rivière Mistassini,mistassini,2026-05-05,DJDC-5,214.6,934.5
Rivière Mistassini,mistassini,2026-05-06,DJDC-5,227.0,913.0
Rivière Mistassini,mistassini,2026-05-07,DJDC-5,238.1,922.3
Rivière Mistassini,mistassini,2026-05-08,DJDC-5,249.2,914.4
Rivière Mistassini,mistassini,2026-05-09,DJDC-5,262.5,850.4
Rivière Mistassini,mistassini,2026-05-10,DJDC-5,274.3,791.7
Rivière Mistassini,mistassini,2026-05-11,DJDC-5,283.4,784.3
Rivière Mistassini,mistassini,2026-05-12,DJDC-5,293.0,812.6
Rivière Mistassini,mistassini,2026-05-13,DJDC-5,304.4,746.4
Rivière Mistassini,mistassini,2026-05-14,DJDC-5,318.1,672.6
Rivière Mistassini,mistassini,2026-05-15,DJDC-5,338.254,634.4
Rivière Saint-François,saintfrancois,2025-10-15,DJGC,0.0,20.37
Rivière Saint-François,saintfrancois,2025-10-16,DJGC,0.0,20.21
Rivière Saint-François,saintfrancois,2025-10-17,DJGC,0.0,21.77
Rivière Saint-François,saintfrancois,2025-10-18,DJGC,0.0,22.93
Rivière Saint-François,saintfrancois,2025-10-19,DJGC,0.0,22.62
Rivière Saint-François,saintfrancois,2025-10-20,DJGC,0.0,21.44
Rivière Saint-François,saintfrancois,2025-10-21,DJGC,0.0,24.49
Rivière Saint-François,saintfrancois,2025-10-22,DJGC,0.0,27.92
Rivière Saint-François,saintfrancois,2025-10-23,DJGC,0.0,30.81
Rivière Saint-François,saintfrancois,2025-10-24,DJGC,0.0,29.85
Rivière Saint-François,saintfrancois,2025-10-25,DJGC,0.0,29.81
Rivière Saint-François,saintfrancois,2025-10-26,DJGC,0.0,29.6
Rivière Saint-François,saintfrancois,2025-10-27,DJGC,0.0,24.6
Rivière Saint-François,saintfrancois,2025-10-28,DJGC,0.0,25.65
Rivière Saint-François,saintfrancois,2025-10-29,DJGC,0.0,26.96
Rivière Saint-François,saintfrancois,2025-10-30,DJGC,0.0,24.83
Rivière Saint-François,saintfrancois,2025-10-31,DJGC,0.0,31.25
Rivière Saint-François,saintfrancois,2025-11-01,DJGC,0.0,60.06
Rivière Saint-François,saintfrancois,2025-11-02,DJGC,0.0,82.07
Rivière Saint-François,saintfrancois,2025-11-03,DJGC,0.0,71.46
Rivière Saint-François,saintfrancois,2025-11-04,DJGC,0.0,65.74
Rivière Saint-François,saintfrancois,2025-11-05,DJGC,0.0,95.94
Rivière Saint-François,saintfrancois,2025-11-06,DJGC,0.0,94.85
Rivière Saint-François,saintfrancois,2025-11-07,DJGC,0.0,84.93
Rivière Saint-François,saintfrancois,2025-11-08,DJGC,0.0,70.58
Rivière Saint-François,saintfrancois,2025-11-09,DJGC,0.0,59.88
Rivière Saint-François,saintfrancois,2025-11-10,DJGC,0.0,64.94
Rivière Saint-François,saintfrancois,2025-11-11,DJGC,2.2,105.4
Rivière Saint-François,saintfrancois,2025-11-12,DJGC,2.2,111.2
Rivière Saint-François,saintfrancois,2025-11-13,DJGC,1.2,82.07
Rivière Saint-François,saintfrancois,2025-11-14,DJGC,0.7,69.72
Rivière Saint-François,saintfrancois,2025-11-15,DJGC,1.8,64.33
Rivière Saint-François,saintfrancois,2025-11-16,DJGC,2.9,61.54
Rivière Saint-François,saintfrancois,2025-11-17,DJGC,4.8,60.05
Rivière Saint-François,saintfrancois,2025-11-18,DJGC,6.5,54.03
Rivière Saint-François,saintfrancois,2025-11-19,DJGC,9.2,55.0
Rivière Saint-François,saintfrancois,2025-11-20,DJGC,12.9,54.72
Rivière Saint-François,saintfrancois,2025-11-21,DJGC,14.6,53.39
Rivière Saint-François,saintfrancois,2025-11-22,DJGC,16.2,52.81
Rivière Saint-François,saintfrancois,2025-11-23,DJGC,19.4,53.75
Rivière Saint-François,saintfrancois,2025-11-24,DJGC,19.6,53.27
Rivière Saint-François,saintfrancois,2025-11-25,DJGC,17.1,48.28
Rivière Saint-François,saintfrancois,2025-11-26,DJGC,13.5,58.39
Rivière Saint-François,saintfrancois,2025-11-27,DJGC,11.8,178.1
Rivière Saint-François,saintfrancois,2025-11-28,DJGC,13.4,161.2
Rivière Saint-François,saintfrancois,2025-11-29,DJGC,16.2,124.7
Rivière Saint-François,saintfrancois,2025-11-30,DJGC,17.8,85.2
Rivière Saint-François,saintfrancois,2025-12-01,DJGC,22.5,74.78
Rivière Saint-François,saintfrancois,2025-12-02,DJGC,30.1,56.48
Rivière Saint-François,saintfrancois,2025-12-03,DJGC,36.6,52.23
Rivière Saint-François,saintfrancois,2025-12-04,DJGC,46.1,54.74
Rivière Saint-François,saintfrancois,2025-12-05,DJGC,62.1,45.26
Rivière Saint-François,saintfrancois,2025-12-06,DJGC,69.1,57.57
Rivière Saint-François,saintfrancois,2025-12-07,DJGC,79.0,61.94
Rivière Saint-François,saintfrancois,2025-12-08,DJGC,98.4,59.53
Rivière Saint-François,saintfrancois,2025-12-09,DJGC,116.6,54.01
Rivière Saint-François,saintfrancois,2025-12-10,DJGC,121.6,57.58
Rivière Saint-François,saintfrancois,2025-12-11,DJGC,127.8,61.97
Rivière Saint-François,saintfrancois,2025-12-12,DJGC,136.5,57.47
Rivière Saint-François,saintfrancois,2025-12-13,DJGC,145.2,61.55
Rivière Saint-François,saintfrancois,2025-12-14,DJGC,155.6,63.68
Rivière Saint-François,saintfrancois,2025-12-15,DJGC,167.5,62.95
Rivière Saint-François,saintfrancois,2025-12-16,DJGC,173.7,62.65
Rivière Saint-François,saintfrancois,2025-12-17,DJGC,174.7,55.95
Rivière Saint-François,saintfrancois,2025-12-18,DJGC,174.6,60.8
Rivière Saint-François,saintfrancois,2025-12-19,DJGC,169.1,84.66
Rivière Saint-François,saintfrancois,2025-12-20,DJGC,173.0,277.3
Rivière Saint-François,saintfrancois,2025-12-21,DJGC,177.0,243.6
Rivière Saint-François,saintfrancois,2025-12-22,DJGC,187.0,194.7
Rivière Saint-François,saintfrancois,2025-12-23,DJGC,192.8,193.6
Rivière Saint-François,saintfrancois,2025-12-24,DJGC,199.2,214.9
Rivière Saint-François,saintfrancois,2025-12-25,DJGC,209.3,220.4
Rivière Saint-François,saintfrancois,2025-12-26,DJGC,228.5,174.8
Rivière Saint-François,saintfrancois,2025-12-27,DJGC,243.5,160.4
Rivière Saint-François,saintfrancois,2025-12-28,DJGC,258.2,146.3
Rivière Saint-François,saintfrancois,2025-12-29,DJGC,260.6,147.8
Rivière Saint-François,saintfrancois,2025-12-30,DJGC,270.6,187.2
Rivière Saint-François,saintfrancois,2025-12-31,DJGC,282.1,180.2
Rivière Saint-François,saintfrancois,2026-01-01,DJGC,297.8,172.2
Rivière Saint-François,saintfrancois,2026-01-02,DJGC,317.9,151.0
Rivière Saint-François,saintfrancois,2026-01-03,DJGC,334.7,138.4
Rivière Saint-François,saintfrancois,2026-01-04,DJGC,350.0,123.0
Rivière Saint-François,saintfrancois,2026-01-05,DJGC,366.7,113.7
Rivière Saint-François,saintfrancois,2026-01-06,DJGC,373.8,120.1
Rivière Saint-François,saintfrancois,2026-01-07,DJGC,376.7,123.4
Rivière Saint-François,saintfrancois,2026-01-08,DJGC,377.2,119.6
Rivière Saint-François,saintfrancois,2026-01-09,DJGC,377.6,114.3
Rivière Saint-François,saintfrancois,2026-01-10,DJGC,376.2,114.8
Rivière Saint-François,saintfrancois,2026-01-11,DJGC,378.0,118.6
Rivière Saint-François,saintfrancois,2026-01-12,DJGC,383.9,127.6
Rivière Saint-François,saintfrancois,2026-01-13,DJGC,383.3,111.0
Rivière Saint-François,saintfrancois,2026-01-14,DJGC,379.8,111.2
Rivière Saint-François,saintfrancois,2026-01-15,DJGC,385.4,112.6
Rivière Saint-François,saintfrancois,2026-01-16,DJGC,401.5,126.7
Rivière Saint-François,saintfrancois,2026-01-17,DJGC,411.2,115.7
Rivière Saint-François,saintfrancois,2026-01-18,DJGC,418.2,112.9
Rivière Saint-François,saintfrancois,2026-01-19,DJGC,426.1,110.3
Rivière Saint-François,saintfrancois,2026-01-20,DJGC,438.5,107.6
Rivière Saint-François,saintfrancois,2026-01-21,DJGC,450.1,99.4
Rivière Saint-François,saintfrancois,2026-01-22,DJGC,455.1,103.9
Rivière Saint-François,saintfrancois,2026-01-23,DJGC,468.7,103.2
Rivière Saint-François,saintfrancois,2026-01-24,DJGC,492.9,97.77
Rivière Saint-François,saintfrancois,2026-01-25,DJGC,515.3,95.28
Rivière Saint-François,saintfrancois,2026-01-26,DJGC,527.3,91.94
Rivière Saint-François,saintfrancois,2026-01-27,DJGC,542.3,92.44
Rivière Saint-François,saintfrancois,2026-01-28,DJGC,557.9,91.29
Rivière Saint-François,saintfrancois,2026-01-29,DJGC,574.5,91.53
Rivière Saint-François,saintfrancois,2026-01-30,DJGC,594.1,94.03
Rivière Saint-François,saintfrancois,2026-01-31,DJGC,610.8,90.24
Rivière Saint-François,saintfrancois,2026-02-01,DJGC,628.4,86.68
Rivière Saint-François,saintfrancois,2026-02-02,DJGC,644.9,84.48
Rivière Saint-François,saintfrancois,2026-02-03,DJGC,659.0,83.2
Rivière Saint-François,saintfrancois,2026-02-04,DJGC,668.3,84.14
Rivière Saint-François,saintfrancois,2026-02-05,DJGC,684.6,85.65
Rivière Saint-François,saintfrancois,2026-02-06,DJGC,700.8,82.02
Rivière Saint-François,saintfrancois,2026-02-07,DJGC,714.2,82.33
Rivière Saint-François,saintfrancois,2026-02-08,DJGC,734.9,84.25
Rivière Saint-François,saintfrancois,2026-02-09,DJGC,752.3,86.74
Rivière Saint-François,saintfrancois,2026-02-10,DJGC,765.5,86.39
Rivière Saint-François,saintfrancois,2026-02-11,DJGC,770.5,86.5
Rivière Saint-François,saintfrancois,2026-02-12,DJGC,784.4,85.02
Rivière Saint-François,saintfrancois,2026-02-13,DJGC,798.1,79.74
Rivière Saint-François,saintfrancois,2026-02-14,DJGC,808.8,74.81
Rivière Saint-François,saintfrancois,2026-02-15,DJDC-5,0.0,75.99
Rivière Saint-François,saintfrancois,2026-02-16,DJDC-5,0.0,76.37
Rivière Saint-François,saintfrancois,2026-02-17,DJDC-5,4.0,75.25
Rivière Saint-François,saintfrancois,2026-02-18,DJDC-5,1.4,75.83
Rivière Saint-François,saintfrancois,2026-02-19,DJDC-5,0.0,75.32
Rivière Saint-François,saintfrancois,2026-02-20,DJDC-5,0.0,74.82
Rivière Saint-François,saintfrancois,2026-02-21,DJDC-5,0.0,73.77
Rivière Saint-François,saintfrancois,2026-02-22,DJDC-5,0.0,72.44
Rivière Saint-François,saintfrancois,2026-02-23,DJDC-5,0.0,69.68
Rivière Saint-François,saintfrancois,2026-02-24,DJDC-5,0.0,69.98
Rivière Saint-François,saintfrancois,2026-02-25,DJDC-5,0.0,65.28
Rivière Saint-François,saintfrancois,2026-02-26,DJDC-5,0.0,66.18
Rivière Saint-François,saintfrancois,2026-02-27,DJDC-5,0.0,67.62
Rivière Saint-François,saintfrancois,2026-02-28,DJDC-5,3.7,67.02
Rivière Saint-François,saintfrancois,2026-03-01,DJDC-5,0.0,67.36
Rivière Saint-François,saintfrancois,2026-03-02,DJDC-5,0.0,64.88
Rivière Saint-François,saintfrancois,2026-03-03,DJDC-5,0.0,65.36
Rivière Saint-François,saintfrancois,2026-03-04,DJDC-5,7.1,63.15
Rivière Saint-François,saintfrancois,2026-03-05,DJDC-5,7.9,65.69
Rivière Saint-François,saintfrancois,2026-03-06,DJDC-5,10.9,64.35
Rivière Saint-François,saintfrancois,2026-03-07,DJDC-5,22.6,69.42
Rivière Saint-François,saintfrancois,2026-03-08,DJDC-5,33.6,174.8
Rivière Saint-François,saintfrancois,2026-03-09,DJDC-5,46.6,404.7
Rivière Saint-François,saintfrancois,2026-03-10,DJDC-5,61.7,519.2
Rivière Saint-François,saintfrancois,2026-03-11,DJDC-5,72.3,533.2
Rivière Saint-François,saintfrancois,2026-03-12,DJDC-5,78.3,711.3
Rivière Saint-François,saintfrancois,2026-03-13,DJDC-5,80.1,569.0
Rivière Saint-François,saintfrancois,2026-03-14,DJDC-5,84.0,397.5
Rivière Saint-François,saintfrancois,2026-03-15,DJDC-5,84.5,286.9
Rivière Saint-François,saintfrancois,2026-03-16,DJDC-5,98.7,250.6
Rivière Saint-François,saintfrancois,2026-03-17,DJDC-5,106.6,477.9
Rivière Saint-François,saintfrancois,2026-03-18,DJDC-5,102.6,413.2
Rivière Saint-François,saintfrancois,2026-03-19,DJDC-5,104.3,289.6
Rivière Saint-François,saintfrancois,2026-03-20,DJDC-5,107.8,231.7
Rivière Saint-François,saintfrancois,2026-03-21,DJDC-5,111.6,200.4
Rivière Saint-François,saintfrancois,2026-03-22,DJDC-5,114.7,180.4
Rivière Saint-François,saintfrancois,2026-03-23,DJDC-5,117.8,187.0
Rivière Saint-François,saintfrancois,2026-03-24,DJDC-5,120.0,202.9
Rivière Saint-François,saintfrancois,2026-03-25,DJDC-5,123.1,199.7
Rivière Saint-François,saintfrancois,2026-03-26,DJDC-5,132.6,181.3
Rivière Saint-François,saintfrancois,2026-03-27,DJDC-5,132.7,237.5
Rivière Saint-François,saintfrancois,2026-03-28,DJDC-5,130.2,206.3
Rivière Saint-François,saintfrancois,2026-03-29,DJDC-5,133.3,173.9
Rivière Saint-François,saintfrancois,2026-03-30,DJDC-5,144.8,159.6
Rivière Saint-François,saintfrancois,2026-03-31,DJDC-5,152.7,223.4
Rivière Saint-François,saintfrancois,2026-04-01,DJDC-5,158.3,586.5
Rivière Saint-François,saintfrancois,2026-04-02,DJDC-5,166.3,447.1
Rivière Saint-François,saintfrancois,2026-04-03,DJDC-5,178.8,445.2
Rivière Saint-François,saintfrancois,2026-04-04,DJDC-5,188.3,545.7
Rivière Saint-François,saintfrancois,2026-04-05,DJDC-5,198.3,598.9
Rivière Saint-François,saintfrancois,2026-04-06,DJDC-5,203.7,605.6
Rivière Saint-François,saintfrancois,2026-04-07,DJDC-5,205.8,451.3
Rivière Saint-François,saintfrancois,2026-04-08,DJDC-5,209.8,351.6
Rivière Saint-François,saintfrancois,2026-04-09,DJDC-5,221.3,312.3
Rivière Saint-François,saintfrancois,2026-04-10,DJDC-5,235.0,382.6
Rivière Saint-François,saintfrancois,2026-04-11,DJDC-5,242.0,451.1
Rivière Saint-François,saintfrancois,2026-04-12,DJDC-5,249.6,446.0
Rivière Saint-François,saintfrancois,2026-04-13,DJDC-5,264.2,479.7
Rivière Saint-François,saintfrancois,2026-04-14,DJDC-5,278.5,607.9
Rivière Saint-François,saintfrancois,2026-04-15,DJDC-5,291.9,674.8
Rivière Saint-François,saintfrancois,2026-04-16,DJDC-5,312.0,556.0
Rivière Saint-François,saintfrancois,2026-04-17,DJDC-5,328.4,603.4
Rivière Saint-François,saintfrancois,2026-04-18,DJDC-5,345.0,502.5
Rivière Saint-François,saintfrancois,2026-04-19,DJDC-5,355.8,440.0
Rivière Saint-François,saintfrancois,2026-04-20,DJDC-5,360.1,509.8
Rivière Saint-François,saintfrancois,2026-04-21,DJDC-5,367.6,408.4
Rivière Saint-François,saintfrancois,2026-04-22,DJDC-5,377.9,292.5
Rivière Saint-François,saintfrancois,2026-04-23,DJDC-5,386.5,250.1
Rivière Saint-François,saintfrancois,2026-04-24,DJDC-5,393.9,226.0
Rivière Saint-François,saintfrancois,2026-04-25,DJDC-5,404.6,196.3
Rivière Saint-François,saintfrancois,2026-04-26,DJDC-5,418.6,175.1
Rivière Saint-François,saintfrancois,2026-04-27,DJDC-5,435.1,169.5
Rivière Saint-François,saintfrancois,2026-04-28,DJDC-5,453.1,156.6
Rivière Saint-François,saintfrancois,2026-04-29,DJDC-5,470.3,142.6
Rivière Saint-François,saintfrancois,2026-04-30,DJDC-5,482.8,140.1
Rivière Saint-François,saintfrancois,2026-05-01,DJDC-5,492.5,126.3
Rivière Saint-François,saintfrancois,2026-05-02,DJDC-5,501.4,125.7
Rivière Saint-François,saintfrancois,2026-05-03,DJDC-5,510.5,122.1
Rivière Saint-François,saintfrancois,2026-05-04,DJDC-5,522.1,118.6
Rivière Saint-François,saintfrancois,2026-05-05,DJDC-5,542.2,123.9
Rivière Saint-François,saintfrancois,2026-05-06,DJDC-5,554.2,199.3
Rivière Saint-François,saintfrancois,2026-05-07,DJDC-5,565.0,332.0
Rivière Saint-François,saintfrancois,2026-05-08,DJDC-5,575.6,255.4
Rivière Saint-François,saintfrancois,2026-05-09,DJDC-5,588.2,197.4
Rivière Saint-François,saintfrancois,2026-05-10,DJDC-5,604.4,173.7
Rivière Saint-François,saintfrancois,2026-05-11,DJDC-5,614.9,162.0
Rivière Saint-François,saintfrancois,2026-05-12,DJDC-5,625.5,143.0
Rivière Saint-François,saintfrancois,2026-05-13,DJDC-5,636.0,134.3
Rivière Saint-François,saintfrancois,2026-05-14,DJDC-5,651.1,143.7
Rivière Saint-François,saintfrancois,2026-05-15,DJDC-5,672.1,279.8
Rivière Sainte-Anne,sainteanne,2025-10-15,DJGC,0.0,10.09
Rivière Sainte-Anne,sainteanne,2025-10-16,DJGC,0.0,9.646
Rivière Sainte-Anne,sainteanne,2025-10-17,DJGC,0.0,9.218
Rivière Sainte-Anne,sainteanne,2025-10-18,DJGC,0.0,8.777
Rivière Sainte-Anne,sainteanne,2025-10-19,DJGC,0.0,8.731
Rivière Sainte-Anne,sainteanne,2025-10-20,DJGC,0.0,9.629
Rivière Sainte-Anne,sainteanne,2025-10-21,DJGC,0.0,16.44
Rivière Sainte-Anne,sainteanne,2025-10-22,DJGC,0.0,19.26
Rivière Sainte-Anne,sainteanne,2025-10-23,DJGC,0.0,37.76
Rivière Sainte-Anne,sainteanne,2025-10-24,DJGC,0.0,40.53
Rivière Sainte-Anne,sainteanne,2025-10-25,DJGC,0.0,30.79
Rivière Sainte-Anne,sainteanne,2025-10-26,DJGC,0.0,24.63
Rivière Sainte-Anne,sainteanne,2025-10-27,DJGC,0.0,21.0
Rivière Sainte-Anne,sainteanne,2025-10-28,DJGC,0.0,18.54
Rivière Sainte-Anne,sainteanne,2025-10-29,DJGC,0.0,16.75
Rivière Sainte-Anne,sainteanne,2025-10-30,DJGC,0.0,15.66
Rivière Sainte-Anne,sainteanne,2025-10-31,DJGC,0.0,28.03
Rivière Sainte-Anne,sainteanne,2025-11-01,DJGC,0.0,75.3
Rivière Sainte-Anne,sainteanne,2025-11-02,DJGC,0.0,51.42
Rivière Sainte-Anne,sainteanne,2025-11-03,DJGC,0.0,39.26
Rivière Sainte-Anne,sainteanne,2025-11-04,DJGC,0.0,53.09
Rivière Sainte-Anne,sainteanne,2025-11-05,DJGC,0.0,52.84
Rivière Sainte-Anne,sainteanne,2025-11-06,DJGC,0.0,44.0
Rivière Sainte-Anne,sainteanne,2025-11-07,DJGC,1.3,36.83
Rivière Sainte-Anne,sainteanne,2025-11-08,DJGC,0.0,37.42
Rivière Sainte-Anne,sainteanne,2025-11-09,DJGC,1.7,40.0
Rivière Sainte-Anne,sainteanne,2025-11-10,DJGC,0.3,38.53
Rivière Sainte-Anne,sainteanne,2025-11-11,DJGC,1.7,53.93
Rivière Sainte-Anne,sainteanne,2025-11-12,DJGC,2.6,45.03
Rivière Sainte-Anne,sainteanne,2025-11-13,DJGC,3.6,35.72
Rivière Sainte-Anne,sainteanne,2025-11-14,DJGC,3.4,31.11
Rivière Sainte-Anne,sainteanne,2025-11-15,DJGC,5.3,28.02
Rivière Sainte-Anne,sainteanne,2025-11-16,DJGC,8.5,25.58
Rivière Sainte-Anne,sainteanne,2025-11-17,DJGC,9.3,25.06
Rivière Sainte-Anne,sainteanne,2025-11-18,DJGC,8.9,23.9
Rivière Sainte-Anne,sainteanne,2025-11-19,DJGC,9.7,22.4
Rivière Sainte-Anne,sainteanne,2025-11-20,DJGC,12.3,20.96
Rivière Sainte-Anne,sainteanne,2025-11-21,DJGC,13.9,19.94
Rivière Sainte-Anne,sainteanne,2025-11-22,DJGC,15.3,20.04
Rivière Sainte-Anne,sainteanne,2025-11-23,DJGC,19.6,19.01
Rivière Sainte-Anne,sainteanne,2025-11-24,DJGC,23.4,17.47
Rivière Sainte-Anne,sainteanne,2025-11-25,DJGC,22.1,18.58
Rivière Sainte-Anne,sainteanne,2025-11-26,DJGC,20.1,17.76
Rivière Sainte-Anne,sainteanne,2025-11-27,DJGC,18.1,21.83
Rivière Sainte-Anne,sainteanne,2025-11-28,DJGC,19.6,25.06
Rivière Sainte-Anne,sainteanne,2025-11-29,DJGC,22.0,23.08
Rivière Sainte-Anne,sainteanne,2025-11-30,DJGC,24.3,19.47
Rivière Sainte-Anne,sainteanne,2025-12-01,DJGC,30.1,18.37
Rivière Sainte-Anne,sainteanne,2025-12-02,DJGC,40.1,18.02
Rivière Sainte-Anne,sainteanne,2025-12-03,DJGC,51.9,14.64
Rivière Sainte-Anne,sainteanne,2025-12-04,DJGC,62.7,15.23
Rivière Sainte-Anne,sainteanne,2025-12-05,DJGC,80.4,13.62
Rivière Sainte-Anne,sainteanne,2025-12-06,DJGC,89.6,13.52
Rivière Sainte-Anne,sainteanne,2025-12-07,DJGC,98.8,14.54
Rivière Sainte-Anne,sainteanne,2025-12-08,DJGC,115.5,12.61
Rivière Sainte-Anne,sainteanne,2025-12-09,DJGC,133.5,11.57
Rivière Sainte-Anne,sainteanne,2025-12-10,DJGC,143.2,12.41
Rivière Sainte-Anne,sainteanne,2025-12-11,DJGC,150.5,14.0
Rivière Sainte-Anne,sainteanne,2025-12-12,DJGC,157.5,13.93
Rivière Sainte-Anne,sainteanne,2025-12-13,DJGC,166.0,13.65
Rivière Sainte-Anne,sainteanne,2025-12-14,DJGC,176.6,13.11
Rivière Sainte-Anne,sainteanne,2025-12-15,DJGC,188.0,12.52
Rivière Sainte-Anne,sainteanne,2025-12-16,DJGC,195.4,12.28
Rivière Sainte-Anne,sainteanne,2025-12-17,DJGC,198.0,12.26
Rivière Sainte-Anne,sainteanne,2025-12-18,DJGC,205.5,12.2
Rivière Sainte-Anne,sainteanne,2025-12-19,DJGC,204.7,18.5
Rivière Sainte-Anne,sainteanne,2025-12-20,DJGC,211.0,102.5
Rivière Sainte-Anne,sainteanne,2025-12-21,DJGC,216.5,76.02
Rivière Sainte-Anne,sainteanne,2025-12-22,DJGC,229.7,53.84
Rivière Sainte-Anne,sainteanne,2025-12-23,DJGC,244.2,39.29
Rivière Sainte-Anne,sainteanne,2025-12-24,DJGC,252.7,38.58
Rivière Sainte-Anne,sainteanne,2025-12-25,DJGC,265.4,34.96
Rivière Sainte-Anne,sainteanne,2025-12-26,DJGC,282.3,27.13
Rivière Sainte-Anne,sainteanne,2025-12-27,DJGC,298.2,24.99
Rivière Sainte-Anne,sainteanne,2025-12-28,DJGC,314.1,24.92
Rivière Sainte-Anne,sainteanne,2025-12-29,DJGC,318.3,25.42
Rivière Sainte-Anne,sainteanne,2025-12-30,DJGC,327.7,24.61
Rivière Sainte-Anne,sainteanne,2025-12-31,DJGC,344.1,19.89
Rivière Sainte-Anne,sainteanne,2026-01-01,DJGC,357.3,19.02
Rivière Sainte-Anne,sainteanne,2026-01-02,DJGC,377.8,18.48
Rivière Sainte-Anne,sainteanne,2026-01-03,DJGC,397.4,17.17
Rivière Sainte-Anne,sainteanne,2026-01-04,DJGC,417.7,17.71
Rivière Sainte-Anne,sainteanne,2026-01-05,DJGC,436.1,17.46
Rivière Sainte-Anne,sainteanne,2026-01-06,DJGC,447.0,17.49
Rivière Sainte-Anne,sainteanne,2026-01-07,DJGC,452.3,17.0
Rivière Sainte-Anne,sainteanne,2026-01-08,DJGC,453.5,15.95
Rivière Sainte-Anne,sainteanne,2026-01-09,DJGC,451.7,15.83
Rivière Sainte-Anne,sainteanne,2026-01-10,DJGC,452.1,18.12
Rivière Sainte-Anne,sainteanne,2026-01-11,DJGC,456.3,23.67
Rivière Sainte-Anne,sainteanne,2026-01-12,DJGC,464.7,21.75
Rivière Sainte-Anne,sainteanne,2026-01-13,DJGC,468.8,19.76
Rivière Sainte-Anne,sainteanne,2026-01-14,DJGC,467.5,18.32
Rivière Sainte-Anne,sainteanne,2026-01-15,DJGC,472.7,18.26
Rivière Sainte-Anne,sainteanne,2026-01-16,DJGC,488.3,17.94
Rivière Sainte-Anne,sainteanne,2026-01-17,DJGC,500.2,16.96
Rivière Sainte-Anne,sainteanne,2026-01-18,DJGC,508.9,16.79
Rivière Sainte-Anne,sainteanne,2026-01-19,DJGC,520.7,16.4
Rivière Sainte-Anne,sainteanne,2026-01-20,DJGC,532.6,15.7
Rivière Sainte-Anne,sainteanne,2026-01-21,DJGC,545.1,14.91
Rivière Sainte-Anne,sainteanne,2026-01-22,DJGC,551.5,14.78
Rivière Sainte-Anne,sainteanne,2026-01-23,DJGC,566.3,14.49
Rivière Sainte-Anne,sainteanne,2026-01-24,DJGC,590.6,14.57
Rivière Sainte-Anne,sainteanne,2026-01-25,DJGC,612.4,13.96
Rivière Sainte-Anne,sainteanne,2026-01-26,DJGC,625.6,13.27
Rivière Sainte-Anne,sainteanne,2026-01-27,DJGC,642.4,12.54
Rivière Sainte-Anne,sainteanne,2026-01-28,DJGC,662.5,12.54
Rivière Sainte-Anne,sainteanne,2026-01-29,DJGC,681.0,12.35
Rivière Sainte-Anne,sainteanne,2026-01-30,DJGC,697.6,11.94
Rivière Sainte-Anne,sainteanne,2026-01-31,DJGC,714.0,11.5
Rivière Sainte-Anne,sainteanne,2026-02-01,DJGC,732.1,11.23
Rivière Sainte-Anne,sainteanne,2026-02-02,DJGC,748.5,11.56
Rivière Sainte-Anne,sainteanne,2026-02-03,DJGC,763.2,11.9
Rivière Sainte-Anne,sainteanne,2026-02-04,DJGC,773.2,11.31
Rivière Sainte-Anne,sainteanne,2026-02-05,DJGC,787.9,10.63
Rivière Sainte-Anne,sainteanne,2026-02-06,DJGC,804.4,10.01
Rivière Sainte-Anne,sainteanne,2026-02-07,DJGC,814.8,9.877
Rivière Sainte-Anne,sainteanne,2026-02-08,DJGC,829.3,9.714
Rivière Sainte-Anne,sainteanne,2026-02-09,DJGC,843.8,9.294
Rivière Sainte-Anne,sainteanne,2026-02-10,DJGC,857.9,9.217
Rivière Sainte-Anne,sainteanne,2026-02-11,DJGC,863.1,9.167
Rivière Sainte-Anne,sainteanne,2026-02-12,DJGC,870.6,9.038
Rivière Sainte-Anne,sainteanne,2026-02-13,DJGC,882.9,9.229
Rivière Sainte-Anne,sainteanne,2026-02-14,DJGC,894.9,9.147
Rivière Sainte-Anne,sainteanne,2026-02-15,DJDC-5,0.0,8.948
Rivière Sainte-Anne,sainteanne,2026-02-16,DJDC-5,0.0,8.688
Rivière Sainte-Anne,sainteanne,2026-02-17,DJDC-5,3.0,8.559
Rivière Sainte-Anne,sainteanne,2026-02-18,DJDC-5,1.4,8.582
Rivière Sainte-Anne,sainteanne,2026-02-19,DJDC-5,0.0,8.673
Rivière Sainte-Anne,sainteanne,2026-02-20,DJDC-5,0.0,8.509
Rivière Sainte-Anne,sainteanne,2026-02-21,DJDC-5,0.0,8.158
Rivière Sainte-Anne,sainteanne,2026-02-22,DJDC-5,0.0,7.921
Rivière Sainte-Anne,sainteanne,2026-02-23,DJDC-5,0.0,7.834
Rivière Sainte-Anne,sainteanne,2026-02-24,DJDC-5,0.0,7.784
Rivière Sainte-Anne,sainteanne,2026-02-25,DJDC-5,0.0,8.051
Rivière Sainte-Anne,sainteanne,2026-02-26,DJDC-5,0.0,8.129
Rivière Sainte-Anne,sainteanne,2026-02-27,DJDC-5,0.0,7.976
Rivière Sainte-Anne,sainteanne,2026-02-28,DJDC-5,2.8,8.117
Rivière Sainte-Anne,sainteanne,2026-03-01,DJDC-5,0.0,8.131
Rivière Sainte-Anne,sainteanne,2026-03-02,DJDC-5,0.0,8.133
Rivière Sainte-Anne,sainteanne,2026-03-03,DJDC-5,0.0,8.489
Rivière Sainte-Anne,sainteanne,2026-03-04,DJDC-5,4.3,8.588
Rivière Sainte-Anne,sainteanne,2026-03-05,DJDC-5,1.8,8.653
Rivière Sainte-Anne,sainteanne,2026-03-06,DJDC-5,1.4,8.67
Rivière Sainte-Anne,sainteanne,2026-03-07,DJDC-5,6.7,9.212
Rivière Sainte-Anne,sainteanne,2026-03-08,DJDC-5,15.4,11.8
Rivière Sainte-Anne,sainteanne,2026-03-09,DJDC-5,25.6,21.21
Rivière Sainte-Anne,sainteanne,2026-03-10,DJDC-5,35.8,24.82
Rivière Sainte-Anne,sainteanne,2026-03-11,DJDC-5,36.5,23.64
Rivière Sainte-Anne,sainteanne,2026-03-12,DJDC-5,37.9,21.71
Rivière Sainte-Anne,sainteanne,2026-03-13,DJDC-5,37.9,22.14
Rivière Sainte-Anne,sainteanne,2026-03-14,DJDC-5,37.8,20.17
Rivière Sainte-Anne,sainteanne,2026-03-15,DJDC-5,35.0,18.12
Rivière Sainte-Anne,sainteanne,2026-03-16,DJDC-5,40.8,18.44
Rivière Sainte-Anne,sainteanne,2026-03-17,DJDC-5,41.9,34.87
Rivière Sainte-Anne,sainteanne,2026-03-18,DJDC-5,34.6,55.05
Rivière Sainte-Anne,sainteanne,2026-03-19,DJDC-5,32.9,42.07
Rivière Sainte-Anne,sainteanne,2026-03-20,DJDC-5,32.4,35.5
Rivière Sainte-Anne,sainteanne,2026-03-21,DJDC-5,33.1,28.97
Rivière Sainte-Anne,sainteanne,2026-03-22,DJDC-5,33.4,25.1
Rivière Sainte-Anne,sainteanne,2026-03-23,DJDC-5,36.0,22.21
Rivière Sainte-Anne,sainteanne,2026-03-24,DJDC-5,36.7,20.56
Rivière Sainte-Anne,sainteanne,2026-03-25,DJDC-5,35.5,19.04
Rivière Sainte-Anne,sainteanne,2026-03-26,DJDC-5,34.3,17.74
Rivière Sainte-Anne,sainteanne,2026-03-27,DJDC-5,30.2,16.94
Rivière Sainte-Anne,sainteanne,2026-03-28,DJDC-5,22.7,15.2
Rivière Sainte-Anne,sainteanne,2026-03-29,DJDC-5,22.9,15.83
Rivière Sainte-Anne,sainteanne,2026-03-30,DJDC-5,29.6,15.76
Rivière Sainte-Anne,sainteanne,2026-03-31,DJDC-5,34.8,15.25
Rivière Sainte-Anne,sainteanne,2026-04-01,DJDC-5,37.4,14.94
Rivière Sainte-Anne,sainteanne,2026-04-02,DJDC-5,41.2,14.51
Rivière Sainte-Anne,sainteanne,2026-04-03,DJDC-5,46.5,16.95
Rivière Sainte-Anne,sainteanne,2026-04-04,DJDC-5,51.7,27.89
Rivière Sainte-Anne,sainteanne,2026-04-05,DJDC-5,59.9,44.74
Rivière Sainte-Anne,sainteanne,2026-04-06,DJDC-5,62.8,70.01
Rivière Sainte-Anne,sainteanne,2026-04-07,DJDC-5,62.2,55.29
Rivière Sainte-Anne,sainteanne,2026-04-08,DJDC-5,62.1,42.24
Rivière Sainte-Anne,sainteanne,2026-04-09,DJDC-5,73.8,37.16
Rivière Sainte-Anne,sainteanne,2026-04-10,DJDC-5,83.7,39.19
Rivière Sainte-Anne,sainteanne,2026-04-11,DJDC-5,91.6,47.33
Rivière Sainte-Anne,sainteanne,2026-04-12,DJDC-5,98.8,47.17
Rivière Sainte-Anne,sainteanne,2026-04-13,DJDC-5,109.1,65.29
Rivière Sainte-Anne,sainteanne,2026-04-14,DJDC-5,111.2,216.9
Rivière Sainte-Anne,sainteanne,2026-04-15,DJDC-5,120.5,173.8
Rivière Sainte-Anne,sainteanne,2026-04-16,DJDC-5,128.2,141.3
Rivière Sainte-Anne,sainteanne,2026-04-17,DJDC-5,142.8,319.7
Rivière Sainte-Anne,sainteanne,2026-04-18,DJDC-5,159.0,284.2
Rivière Sainte-Anne,sainteanne,2026-04-19,DJDC-5,168.5,455.9
Rivière Sainte-Anne,sainteanne,2026-04-20,DJDC-5,171.9,315.1
Rivière Sainte-Anne,sainteanne,2026-04-21,DJDC-5,179.186,181.1
Rivière Sainte-Anne,sainteanne,2026-04-22,DJDC-5,188.9,126.3
Rivière Sainte-Anne,sainteanne,2026-04-23,DJDC-5,196.5,110.7
Rivière Sainte-Anne,sainteanne,2026-04-24,DJDC-5,207.429,92.86
Rivière Sainte-Anne,sainteanne,2026-04-25,DJDC-5,215.3,81.12
Rivière Sainte-Anne,sainteanne,2026-04-26,DJDC-5,230.3,98.48
Rivière Sainte-Anne,sainteanne,2026-04-27,DJDC-5,248.0,143.5
Rivière Sainte-Anne,sainteanne,2026-04-28,DJDC-5,265.2,203.2
Rivière Sainte-Anne,sainteanne,2026-04-29,DJDC-5,283.9,259.9
Rivière Sainte-Anne,sainteanne,2026-04-30,DJDC-5,296.6,237.1
Rivière Sainte-Anne,sainteanne,2026-05-01,DJDC-5,305.6,350.2
Rivière Sainte-Anne,sainteanne,2026-05-02,DJDC-5,314.0,201.5
Rivière Sainte-Anne,sainteanne,2026-05-03,DJDC-5,323.8,143.9
Rivière Sainte-Anne,sainteanne,2026-05-04,DJDC-5,332.8,114.5
Rivière Sainte-Anne,sainteanne,2026-05-05,DJDC-5,350.0,96.54
Rivière Sainte-Anne,sainteanne,2026-05-06,DJDC-5,362.4,220.3
Rivière Sainte-Anne,sainteanne,2026-05-07,DJDC-5,374.6,157.7
Rivière Sainte-Anne,sainteanne,2026-05-08,DJDC-5,386.3,132.3
Rivière Sainte-Anne,sainteanne,2026-05-09,DJDC-5,400.3,116.7
Rivière Sainte-Anne,sainteanne,2026-05-10,DJDC-5,417.5,115.9
Rivière Sainte-Anne,sainteanne,2026-05-11,DJDC-5,429.7,137.1
Rivière Sainte-Anne,sainteanne,2026-05-12,DJDC-5,440.5,108.0
Rivière Sainte-Anne,sainteanne,2026-05-13,DJDC-5,452.3,87.96
Rivière Sainte-Anne,sainteanne,2026-05-14,DJDC-5,466.1,83.32
Rivière Sainte-Anne,sainteanne,2026-05-15,DJDC-5,486.562,137.6
Rivière Beaurivage,beaurivage,2025-10-15,DJGC,0.0,1.053
Rivière Beaurivage,beaurivage,2025-10-16,DJGC,0.0,1.0
Rivière Beaurivage,beaurivage,2025-10-17,DJGC,0.0,0.971
Rivière Beaurivage,beaurivage,2025-10-18,DJGC,0.0,0.949
Rivière Beaurivage,beaurivage,2025-10-19,DJGC,0.0,0.953
Rivière Beaurivage,beaurivage,2025-10-20,DJGC,0.0,1.12
Rivière Beaurivage,beaurivage,2025-10-21,DJGC,0.0,1.491
Rivière Beaurivage,beaurivage,2025-10-22,DJGC,0.0,1.512
Rivière Beaurivage,beaurivage,2025-10-23,DJGC,0.0,1.839
Rivière Beaurivage,beaurivage,2025-10-24,DJGC,0.0,1.883
Rivière Beaurivage,beaurivage,2025-10-25,DJGC,0.0,1.73
Rivière Beaurivage,beaurivage,2025-10-26,DJGC,0.0,1.519
Rivière Beaurivage,beaurivage,2025-10-27,DJGC,0.0,1.393
Rivière Beaurivage,beaurivage,2025-10-28,DJGC,0.0,1.327
Rivière Beaurivage,beaurivage,2025-10-29,DJGC,0.0,1.283
Rivière Beaurivage,beaurivage,2025-10-30,DJGC,0.0,1.24
Rivière Beaurivage,beaurivage,2025-10-31,DJGC,0.0,2.583
Rivière Beaurivage,beaurivage,2025-11-01,DJGC,0.0,14.2
Rivière Beaurivage,beaurivage,2025-11-02,DJGC,0.0,9.096
Rivière Beaurivage,beaurivage,2025-11-03,DJGC,0.0,5.139
Rivière Beaurivage,beaurivage,2025-11-04,DJGC,0.0,5.972
Rivière Beaurivage,beaurivage,2025-11-05,DJGC,0.0,7.119
Rivière Beaurivage,beaurivage,2025-11-06,DJGC,0.0,6.097
Rivière Beaurivage,beaurivage,2025-11-07,DJGC,0.5,5.644
Rivière Beaurivage,beaurivage,2025-11-08,DJGC,0.0,5.164
Rivière Beaurivage,beaurivage,2025-11-09,DJGC,1.2,5.043
Rivière Beaurivage,beaurivage,2025-11-10,DJGC,0.0,10.38
Rivière Beaurivage,beaurivage,2025-11-11,DJGC,1.3,38.29
Rivière Beaurivage,beaurivage,2025-11-12,DJGC,1.6,23.56
Rivière Beaurivage,beaurivage,2025-11-13,DJGC,1.3,15.41
Rivière Beaurivage,beaurivage,2025-11-14,DJGC,1.9,13.08
Rivière Beaurivage,beaurivage,2025-11-15,DJGC,4.9,11.56
Rivière Beaurivage,beaurivage,2025-11-16,DJGC,7.9,10.05
Rivière Beaurivage,beaurivage,2025-11-17,DJGC,10.6,8.521
Rivière Beaurivage,beaurivage,2025-11-18,DJGC,11.6,7.48
Rivière Beaurivage,beaurivage,2025-11-19,DJGC,11.8,6.901
Rivière Beaurivage,beaurivage,2025-11-20,DJGC,12.9,6.683
Rivière Beaurivage,beaurivage,2025-11-21,DJGC,14.6,6.595
Rivière Beaurivage,beaurivage,2025-11-22,DJGC,16.7,6.717
Rivière Beaurivage,beaurivage,2025-11-23,DJGC,20.2,6.72
Rivière Beaurivage,beaurivage,2025-11-24,DJGC,23.0,6.103
Rivière Beaurivage,beaurivage,2025-11-25,DJGC,21.1,5.711
Rivière Beaurivage,beaurivage,2025-11-26,DJGC,19.2,5.942
Rivière Beaurivage,beaurivage,2025-11-27,DJGC,17.7,24.7
Rivière Beaurivage,beaurivage,2025-11-28,DJGC,19.1,23.97
Rivière Beaurivage,beaurivage,2025-11-29,DJGC,21.7,14.6
Rivière Beaurivage,beaurivage,2025-11-30,DJGC,24.3,10.07
Rivière Beaurivage,beaurivage,2025-12-01,DJGC,28.6,8.452
Rivière Beaurivage,beaurivage,2025-12-02,DJGC,37.3,6.303
Rivière Beaurivage,beaurivage,2025-12-03,DJGC,47.6,5.931
Rivière Beaurivage,beaurivage,2025-12-04,DJGC,58.0,5.927
Rivière Beaurivage,beaurivage,2025-12-05,DJGC,74.6,5.41
Rivière Beaurivage,beaurivage,2025-12-06,DJGC,82.5,4.454
Rivière Beaurivage,beaurivage,2025-12-07,DJGC,92.6,4.7
Rivière Beaurivage,beaurivage,2025-12-08,DJGC,109.3,3.833
Rivière Beaurivage,beaurivage,2025-12-09,DJGC,125.9,3.292
Rivière Beaurivage,beaurivage,2025-12-10,DJGC,135.6,2.871
Rivière Beaurivage,beaurivage,2025-12-11,DJGC,143.9,3.128
Rivière Beaurivage,beaurivage,2025-12-12,DJGC,152.1,3.458
Rivière Beaurivage,beaurivage,2025-12-13,DJGC,161.6,3.373
Rivière Beaurivage,beaurivage,2025-12-14,DJGC,172.9,3.352
Rivière Beaurivage,beaurivage,2025-12-15,DJGC,186.9,3.313
Rivière Beaurivage,beaurivage,2025-12-16,DJGC,196.0,3.19
Rivière Beaurivage,beaurivage,2025-12-17,DJGC,199.4,3.184
Rivière Beaurivage,beaurivage,2025-12-18,DJGC,202.0,3.207
Rivière Beaurivage,beaurivage,2025-12-19,DJGC,197.8,3.962
Rivière Beaurivage,beaurivage,2025-12-20,DJGC,204.0,43.54
Rivière Beaurivage,beaurivage,2025-12-21,DJGC,209.4,26.48
Rivière Beaurivage,beaurivage,2025-12-22,DJGC,221.1,13.61
Rivière Beaurivage,beaurivage,2025-12-23,DJGC,234.3,8.979
Rivière Beaurivage,beaurivage,2025-12-24,DJGC,241.9,6.718
Rivière Beaurivage,beaurivage,2025-12-25,DJGC,253.8,6.43
Rivière Beaurivage,beaurivage,2025-12-26,DJGC,272.6,6.738
Rivière Beaurivage,beaurivage,2025-12-27,DJGC,288.1,6.412
Rivière Beaurivage,beaurivage,2025-12-28,DJGC,303.1,6.126
Rivière Beaurivage,beaurivage,2025-12-29,DJGC,308.8,5.771
Rivière Beaurivage,beaurivage,2025-12-30,DJGC,318.4,5.46
Rivière Beaurivage,beaurivage,2025-12-31,DJGC,332.4,5.579
Rivière Beaurivage,beaurivage,2026-01-01,DJGC,345.2,5.325
Rivière Beaurivage,beaurivage,2026-01-02,DJGC,364.2,5.215
Rivière Beaurivage,beaurivage,2026-01-03,DJGC,383.3,5.238
Rivière Beaurivage,beaurivage,2026-01-04,DJGC,402.9,5.069
Rivière Beaurivage,beaurivage,2026-01-05,DJGC,421.7,4.65
Rivière Beaurivage,beaurivage,2026-01-06,DJGC,431.8,4.014
Rivière Beaurivage,beaurivage,2026-01-07,DJGC,436.3,3.795
Rivière Beaurivage,beaurivage,2026-01-08,DJGC,438.2,3.683
Rivière Beaurivage,beaurivage,2026-01-09,DJGC,436.2,3.661
Rivière Beaurivage,beaurivage,2026-01-10,DJGC,435.2,7.564
Rivière Beaurivage,beaurivage,2026-01-11,DJGC,437.3,28.23
Rivière Beaurivage,beaurivage,2026-01-12,DJGC,443.9,19.29
Rivière Beaurivage,beaurivage,2026-01-13,DJGC,445.3,14.37
Rivière Beaurivage,beaurivage,2026-01-14,DJGC,444.3,11.3
Rivière Beaurivage,beaurivage,2026-01-15,DJGC,448.4,10.53
Rivière Beaurivage,beaurivage,2026-01-16,DJGC,462.7,13.11
Rivière Beaurivage,beaurivage,2026-01-17,DJGC,474.7,13.0
Rivière Beaurivage,beaurivage,2026-01-18,DJGC,481.2,10.19
Rivière Beaurivage,beaurivage,2026-01-19,DJGC,490.5,8.398
Rivière Beaurivage,beaurivage,2026-01-20,DJGC,503.0,6.944
Rivière Beaurivage,beaurivage,2026-01-21,DJGC,514.6,5.854
Rivière Beaurivage,beaurivage,2026-01-22,DJGC,519.9,4.794
Rivière Beaurivage,beaurivage,2026-01-23,DJGC,534.1,4.416
Rivière Beaurivage,beaurivage,2026-01-24,DJGC,558.1,4.402
Rivière Beaurivage,beaurivage,2026-01-25,DJGC,580.6,4.03
Rivière Beaurivage,beaurivage,2026-01-26,DJGC,594.2,3.612
Rivière Beaurivage,beaurivage,2026-01-27,DJGC,611.6,3.394
Rivière Beaurivage,beaurivage,2026-01-28,DJGC,630.3,3.535
Rivière Beaurivage,beaurivage,2026-01-29,DJGC,649.2,3.584
Rivière Beaurivage,beaurivage,2026-01-30,DJGC,666.9,3.286
Rivière Beaurivage,beaurivage,2026-01-31,DJGC,682.3,3.004
Rivière Beaurivage,beaurivage,2026-02-01,DJGC,698.5,2.907
Rivière Beaurivage,beaurivage,2026-02-02,DJGC,713.0,2.818
Rivière Beaurivage,beaurivage,2026-02-03,DJGC,725.4,2.721
Rivière Beaurivage,beaurivage,2026-02-04,DJGC,735.1,2.599
Rivière Beaurivage,beaurivage,2026-02-05,DJGC,750.5,2.526
Rivière Beaurivage,beaurivage,2026-02-06,DJGC,768.1,2.571
Rivière Beaurivage,beaurivage,2026-02-07,DJGC,779.9,2.523
Rivière Beaurivage,beaurivage,2026-02-08,DJGC,797.4,2.41
Rivière Beaurivage,beaurivage,2026-02-09,DJGC,812.6,2.284
Rivière Beaurivage,beaurivage,2026-02-10,DJGC,825.8,2.167
Rivière Beaurivage,beaurivage,2026-02-11,DJGC,831.1,2.13
Rivière Beaurivage,beaurivage,2026-02-12,DJGC,839.0,2.149
Rivière Beaurivage,beaurivage,2026-02-13,DJGC,850.3,2.121
Rivière Beaurivage,beaurivage,2026-02-14,DJGC,860.4,2.085
Rivière Beaurivage,beaurivage,2026-02-15,DJDC-5,0.0,2.057
Rivière Beaurivage,beaurivage,2026-02-16,DJDC-5,0.0,2.02
Rivière Beaurivage,beaurivage,2026-02-17,DJDC-5,4.0,2.005
Rivière Beaurivage,beaurivage,2026-02-18,DJDC-5,1.0,2.072
Rivière Beaurivage,beaurivage,2026-02-19,DJDC-5,0.0,2.068
Rivière Beaurivage,beaurivage,2026-02-20,DJDC-5,0.0,1.981
Rivière Beaurivage,beaurivage,2026-02-21,DJDC-5,0.0,1.905
Rivière Beaurivage,beaurivage,2026-02-22,DJDC-5,0.0,1.837
Rivière Beaurivage,beaurivage,2026-02-23,DJDC-5,0.0,1.784
Rivière Beaurivage,beaurivage,2026-02-24,DJDC-5,0.0,1.796
Rivière Beaurivage,beaurivage,2026-02-25,DJDC-5,0.0,1.795
Rivière Beaurivage,beaurivage,2026-02-26,DJDC-5,0.0,1.779
Rivière Beaurivage,beaurivage,2026-02-27,DJDC-5,0.0,1.736
Rivière Beaurivage,beaurivage,2026-02-28,DJDC-5,2.7,1.719
Rivière Beaurivage,beaurivage,2026-03-01,DJDC-5,0.0,1.773
Rivière Beaurivage,beaurivage,2026-03-02,DJDC-5,0.0,1.828
Rivière Beaurivage,beaurivage,2026-03-03,DJDC-5,0.0,1.86
Rivière Beaurivage,beaurivage,2026-03-04,DJDC-5,6.0,1.874
Rivière Beaurivage,beaurivage,2026-03-05,DJDC-5,5.7,1.843
Rivière Beaurivage,beaurivage,2026-03-06,DJDC-5,7.7,1.876
Rivière Beaurivage,beaurivage,2026-03-07,DJDC-5,17.7,2.143
Rivière Beaurivage,beaurivage,2026-03-08,DJDC-5,28.5,13.64
Rivière Beaurivage,beaurivage,2026-03-09,DJDC-5,41.7,80.56
Rivière Beaurivage,beaurivage,2026-03-10,DJDC-5,54.6,89.48
Rivière Beaurivage,beaurivage,2026-03-11,DJDC-5,58.3,55.45
Rivière Beaurivage,beaurivage,2026-03-12,DJDC-5,60.6,43.56
Rivière Beaurivage,beaurivage,2026-03-13,DJDC-5,60.7,40.86
Rivière Beaurivage,beaurivage,2026-03-14,DJDC-5,63.0,26.42
Rivière Beaurivage,beaurivage,2026-03-15,DJDC-5,62.5,17.74
Rivière Beaurivage,beaurivage,2026-03-16,DJDC-5,73.3,13.34
Rivière Beaurivage,beaurivage,2026-03-17,DJDC-5,79.4,66.72
Rivière Beaurivage,beaurivage,2026-03-18,DJDC-5,73.9,35.66
Rivière Beaurivage,beaurivage,2026-03-19,DJDC-5,74.5,20.97
Rivière Beaurivage,beaurivage,2026-03-20,DJDC-5,76.6,14.69
Rivière Beaurivage,beaurivage,2026-03-21,DJDC-5,79.0,12.0
Rivière Beaurivage,beaurivage,2026-03-22,DJDC-5,78.5,11.7
Rivière Beaurivage,beaurivage,2026-03-23,DJDC-5,80.2,7.641
Rivière Beaurivage,beaurivage,2026-03-24,DJDC-5,82.6,7.517
Rivière Beaurivage,beaurivage,2026-03-25,DJDC-5,82.1,7.586
Rivière Beaurivage,beaurivage,2026-03-26,DJDC-5,87.4,5.92
Rivière Beaurivage,beaurivage,2026-03-27,DJDC-5,85.4,6.0
Rivière Beaurivage,beaurivage,2026-03-28,DJDC-5,80.4,5.9
Rivière Beaurivage,beaurivage,2026-03-29,DJDC-5,82.2,4.858
Rivière Beaurivage,beaurivage,2026-03-30,DJDC-5,91.3,5.123
Rivière Beaurivage,beaurivage,2026-03-31,DJDC-5,96.7,5.817
Rivière Beaurivage,beaurivage,2026-04-01,DJDC-5,100.5,7.793
Rivière Beaurivage,beaurivage,2026-04-02,DJDC-5,104.2,10.37
Rivière Beaurivage,beaurivage,2026-04-03,DJDC-5,114.0,27.8
Rivière Beaurivage,beaurivage,2026-04-04,DJDC-5,120.4,60.79
Rivière Beaurivage,beaurivage,2026-04-05,DJDC-5,129.3,45.2
Rivière Beaurivage,beaurivage,2026-04-06,DJDC-5,133.2,129.4
Rivière Beaurivage,beaurivage,2026-04-07,DJDC-5,134.8,52.56
Rivière Beaurivage,beaurivage,2026-04-08,DJDC-5,137.8,37.02
Rivière Beaurivage,beaurivage,2026-04-09,DJDC-5,150.7,34.0
Rivière Beaurivage,beaurivage,2026-04-10,DJDC-5,163.5,52.41
Rivière Beaurivage,beaurivage,2026-04-11,DJDC-5,171.8,63.55
Rivière Beaurivage,beaurivage,2026-04-12,DJDC-5,180.4,48.45
Rivière Beaurivage,beaurivage,2026-04-13,DJDC-5,193.3,48.45
Rivière Beaurivage,beaurivage,2026-04-14,DJDC-5,205.8,118.4
Rivière Beaurivage,beaurivage,2026-04-15,DJDC-5,218.3,93.12
Rivière Beaurivage,beaurivage,2026-04-16,DJDC-5,233.6,54.99
Rivière Beaurivage,beaurivage,2026-04-17,DJDC-5,249.1,82.15
Rivière Beaurivage,beaurivage,2026-04-18,DJDC-5,264.5,53.57
Rivière Beaurivage,beaurivage,2026-04-19,DJDC-5,273.3,51.11
Rivière Beaurivage,beaurivage,2026-04-20,DJDC-5,275.3,56.58
Rivière Beaurivage,beaurivage,2026-04-21,DJDC-5,282.443,36.92
Rivière Beaurivage,beaurivage,2026-04-22,DJDC-5,290.3,26.01
Rivière Beaurivage,beaurivage,2026-04-23,DJDC-5,297.6,21.72
Rivière Beaurivage,beaurivage,2026-04-24,DJDC-5,305.1,18.2
Rivière Beaurivage,beaurivage,2026-04-25,DJDC-5,315.2,15.27
Rivière Beaurivage,beaurivage,2026-04-26,DJDC-5,328.3,13.45
Rivière Beaurivage,beaurivage,2026-04-27,DJDC-5,344.6,11.96
Rivière Beaurivage,beaurivage,2026-04-28,DJDC-5,362.3,10.89
Rivière Beaurivage,beaurivage,2026-04-29,DJDC-5,381.2,9.874
Rivière Beaurivage,beaurivage,2026-04-30,DJDC-5,393.2,9.523
Rivière Beaurivage,beaurivage,2026-05-01,DJDC-5,400.5,18.52
Rivière Beaurivage,beaurivage,2026-05-02,DJDC-5,407.5,14.49
Rivière Beaurivage,beaurivage,2026-05-03,DJDC-5,416.5,11.87
Rivière Beaurivage,beaurivage,2026-05-04,DJDC-5,425.1,10.23
Rivière Beaurivage,beaurivage,2026-05-05,DJDC-5,441.5,12.63
Rivière Beaurivage,beaurivage,2026-05-06,DJDC-5,453.5,20.6
Rivière Beaurivage,beaurivage,2026-05-07,DJDC-5,465.1,36.43
Rivière Beaurivage,beaurivage,2026-05-08,DJDC-5,475.9,23.72
Rivière Beaurivage,beaurivage,2026-05-09,DJDC-5,489.2,16.79
Rivière Beaurivage,beaurivage,2026-05-10,DJDC-5,506.0,12.72
Rivière Beaurivage,beaurivage,2026-05-11,DJDC-5,516.5,11.18
Rivière Beaurivage,beaurivage,2026-05-12,DJDC-5,525.2,8.842
Rivière Beaurivage,beaurivage,2026-05-13,DJDC-5,535.9,7.574
Rivière Beaurivage,beaurivage,2026-05-14,DJDC-5,549.7,7.948
Rivière Beaurivage,beaurivage,2026-05-15,DJDC-5,570.162,18.31
Rivière Bécancour,becancour,2025-10-15,DJGC,0.0,3.452
Rivière Bécancour,becancour,2025-10-16,DJGC,0.0,3.697
Rivière Bécancour,becancour,2025-10-17,DJGC,0.0,3.799
Rivière Bécancour,becancour,2025-10-18,DJGC,0.0,3.665
Rivière Bécancour,becancour,2025-10-19,DJGC,0.0,3.535
Rivière Bécancour,becancour,2025-10-20,DJGC,0.0,3.707
Rivière Bécancour,becancour,2025-10-21,DJGC,0.0,4.486
Rivière Bécancour,becancour,2025-10-22,DJGC,0.0,4.461
Rivière Bécancour,becancour,2025-10-23,DJGC,0.0,5.386
Rivière Bécancour,becancour,2025-10-24,DJGC,0.0,5.26
Rivière Bécancour,becancour,2025-10-25,DJGC,0.0,5.412
Rivière Bécancour,becancour,2025-10-26,DJGC,0.0,5.042
Rivière Bécancour,becancour,2025-10-27,DJGC,0.0,4.746
Rivière Bécancour,becancour,2025-10-28,DJGC,0.0,4.548
Rivière Bécancour,becancour,2025-10-29,DJGC,0.0,4.341
Rivière Bécancour,becancour,2025-10-30,DJGC,0.0,4.564
Rivière Bécancour,becancour,2025-10-31,DJGC,0.0,7.023
Rivière Bécancour,becancour,2025-11-01,DJGC,0.0,22.91
Rivière Bécancour,becancour,2025-11-02,DJGC,0.0,30.04
Rivière Bécancour,becancour,2025-11-03,DJGC,0.0,20.21
Rivière Bécancour,becancour,2025-11-04,DJGC,0.0,21.79
Rivière Bécancour,becancour,2025-11-05,DJGC,0.0,26.98
Rivière Bécancour,becancour,2025-11-06,DJGC,0.3,25.53
Rivière Bécancour,becancour,2025-11-07,DJGC,1.8,25.55
Rivière Bécancour,becancour,2025-11-08,DJGC,1.0,23.36
Rivière Bécancour,becancour,2025-11-09,DJGC,3.3,21.67
Rivière Bécancour,becancour,2025-11-10,DJGC,1.1,24.6
Rivière Bécancour,becancour,2025-11-11,DJGC,4.2,61.47
Rivière Bécancour,becancour,2025-11-12,DJGC,6.6,57.88
Rivière Bécancour,becancour,2025-11-13,DJGC,8.0,46.98
Rivière Bécancour,becancour,2025-11-14,DJGC,10.8,43.05
Rivière Bécancour,becancour,2025-11-15,DJGC,16.8,38.37
Rivière Bécancour,becancour,2025-11-16,DJGC,21.5,34.57
Rivière Bécancour,becancour,2025-11-17,DJGC,26.0,30.94
Rivière Bécancour,becancour,2025-11-18,DJGC,29.3,27.58
Rivière Bécancour,becancour,2025-11-19,DJGC,32.4,25.38
Rivière Bécancour,becancour,2025-11-20,DJGC,36.3,22.98
Rivière Bécancour,becancour,2025-11-21,DJGC,39.4,21.99
Rivière Bécancour,becancour,2025-11-22,DJGC,42.4,22.39
Rivière Bécancour,becancour,2025-11-23,DJGC,47.8,22.82
Rivière Bécancour,becancour,2025-11-24,DJGC,50.7,21.36
Rivière Bécancour,becancour,2025-11-25,DJGC,50.6,20.07
Rivière Bécancour,becancour,2025-11-26,DJGC,49.1,20.65
Rivière Bécancour,becancour,2025-11-27,DJGC,49.6,40.6
Rivière Bécancour,becancour,2025-11-28,DJGC,53.0,60.72
Rivière Bécancour,becancour,2025-11-29,DJGC,58.4,45.26
Rivière Bécancour,becancour,2025-11-30,DJGC,62.2,38.95
Rivière Bécancour,becancour,2025-12-01,DJGC,68.2,35.06
Rivière Bécancour,becancour,2025-12-02,DJGC,77.6,26.05
Rivière Bécancour,becancour,2025-12-03,DJGC,88.7,22.49
Rivière Bécancour,becancour,2025-12-04,DJGC,100.7,23.0
Rivière Bécancour,becancour,2025-12-05,DJGC,119.0,16.78
Rivière Bécancour,becancour,2025-12-06,DJGC,126.8,13.92
Rivière Bécancour,becancour,2025-12-07,DJGC,138.7,14.08
Rivière Bécancour,becancour,2025-12-08,DJGC,157.8,12.82
Rivière Bécancour,becancour,2025-12-09,DJGC,175.3,13.55
Rivière Bécancour,becancour,2025-12-10,DJGC,183.9,14.49
Rivière Bécancour,becancour,2025-12-11,DJGC,193.7,14.74
Rivière Bécancour,becancour,2025-12-12,DJGC,204.5,15.1
Rivière Bécancour,becancour,2025-12-13,DJGC,214.7,15.44
Rivière Bécancour,becancour,2025-12-14,DJGC,227.7,14.94
Rivière Bécancour,becancour,2025-12-15,DJGC,241.8,13.6
Rivière Bécancour,becancour,2025-12-16,DJGC,250.5,11.86
Rivière Bécancour,becancour,2025-12-17,DJGC,254.1,12.01
Rivière Bécancour,becancour,2025-12-18,DJGC,257.2,11.71
Rivière Bécancour,becancour,2025-12-19,DJGC,255.8,17.24
Rivière Bécancour,becancour,2025-12-20,DJGC,263.3,88.99
Rivière Bécancour,becancour,2025-12-21,DJGC,270.1,81.78
Rivière Bécancour,becancour,2025-12-22,DJGC,283.0,55.95
Rivière Bécancour,becancour,2025-12-23,DJGC,296.2,53.45
Rivière Bécancour,becancour,2025-12-24,DJGC,304.9,52.37
Rivière Bécancour,becancour,2025-12-25,DJGC,318.4,51.4
Rivière Bécancour,becancour,2025-12-26,DJGC,338.2,48.38
Rivière Bécancour,becancour,2025-12-27,DJGC,352.7,36.27
Rivière Bécancour,becancour,2025-12-28,DJGC,366.1,32.88
Rivière Bécancour,becancour,2025-12-29,DJGC,369.5,28.02
Rivière Bécancour,becancour,2025-12-30,DJGC,381.1,29.83
Rivière Bécancour,becancour,2025-12-31,DJGC,396.3,29.44
Rivière Bécancour,becancour,2026-01-01,DJGC,411.1,28.08
Rivière Bécancour,becancour,2026-01-02,DJGC,431.1,29.17
Rivière Bécancour,becancour,2026-01-03,DJGC,452.3,26.2
Rivière Bécancour,becancour,2026-01-04,DJGC,473.2,26.8
Rivière Bécancour,becancour,2026-01-05,DJGC,493.0,24.95
Rivière Bécancour,becancour,2026-01-06,DJGC,503.1,23.27
Rivière Bécancour,becancour,2026-01-07,DJGC,508.4,22.39
Rivière Bécancour,becancour,2026-01-08,DJGC,511.5,20.68
Rivière Bécancour,becancour,2026-01-09,DJGC,511.1,19.35
Rivière Bécancour,becancour,2026-01-10,DJGC,512.1,24.36
Rivière Bécancour,becancour,2026-01-11,DJGC,516.3,44.46
Rivière Bécancour,becancour,2026-01-12,DJGC,524.7,42.21
Rivière Bécancour,becancour,2026-01-13,DJGC,526.7,37.09
Rivière Bécancour,becancour,2026-01-14,DJGC,526.0,35.04
Rivière Bécancour,becancour,2026-01-15,DJGC,532.0,34.6
Rivière Bécancour,becancour,2026-01-16,DJGC,549.3,35.09
Rivière Bécancour,becancour,2026-01-17,DJGC,560.5,31.68
Rivière Bécancour,becancour,2026-01-18,DJGC,569.8,29.91
Rivière Bécancour,becancour,2026-01-19,DJGC,582.0,28.07
Rivière Bécancour,becancour,2026-01-20,DJGC,595.9,25.33
Rivière Bécancour,becancour,2026-01-21,DJGC,608.7,22.54
Rivière Bécancour,becancour,2026-01-22,DJGC,615.0,20.93
Rivière Bécancour,becancour,2026-01-23,DJGC,631.3,20.63
Rivière Bécancour,becancour,2026-01-24,DJGC,658.3,19.04
Rivière Bécancour,becancour,2026-01-25,DJGC,682.7,16.4
Rivière Bécancour,becancour,2026-01-26,DJGC,698.0,15.54
Rivière Bécancour,becancour,2026-01-27,DJGC,717.1,15.74
Rivière Bécancour,becancour,2026-01-28,DJGC,734.7,15.53
Rivière Bécancour,becancour,2026-01-29,DJGC,753.6,15.09
Rivière Bécancour,becancour,2026-01-30,DJGC,773.9,14.1
Rivière Bécancour,becancour,2026-01-31,DJGC,791.4,13.39
Rivière Bécancour,becancour,2026-02-01,DJGC,807.4,12.63
Rivière Bécancour,becancour,2026-02-02,DJGC,823.2,11.97
Rivière Bécancour,becancour,2026-02-03,DJGC,835.6,11.44
Rivière Bécancour,becancour,2026-02-04,DJGC,845.3,10.94
Rivière Bécancour,becancour,2026-02-05,DJGC,863.4,10.48
Rivière Bécancour,becancour,2026-02-06,DJGC,881.0,10.15
Rivière Bécancour,becancour,2026-02-07,DJGC,895.0,9.824
Rivière Bécancour,becancour,2026-02-08,DJGC,914.9,9.277
Rivière Bécancour,becancour,2026-02-09,DJGC,931.6,8.811
Rivière Bécancour,becancour,2026-02-10,DJGC,944.8,8.339
Rivière Bécancour,becancour,2026-02-11,DJGC,952.0,7.987
Rivière Bécancour,becancour,2026-02-12,DJGC,961.8,8.286
Rivière Bécancour,becancour,2026-02-13,DJGC,972.3,8.103
Rivière Bécancour,becancour,2026-02-14,DJGC,982.7,8.212
Rivière Bécancour,becancour,2026-02-15,DJDC-5,0.0,8.334
Rivière Bécancour,becancour,2026-02-16,DJDC-5,0.0,8.08
Rivière Bécancour,becancour,2026-02-17,DJDC-5,3.0,8.231
Rivière Bécancour,becancour,2026-02-18,DJDC-5,0.0,9.138
Rivière Bécancour,becancour,2026-02-19,DJDC-5,0.0,8.332
Rivière Bécancour,becancour,2026-02-20,DJDC-5,0.0,8.001
Rivière Bécancour,becancour,2026-02-21,DJDC-5,0.0,7.491
Rivière Bécancour,becancour,2026-02-22,DJDC-5,0.0,7.275
Rivière Bécancour,becancour,2026-02-23,DJDC-5,0.0,7.096
Rivière Bécancour,becancour,2026-02-24,DJDC-5,0.0,6.886
Rivière Bécancour,becancour,2026-02-25,DJDC-5,0.0,6.821
Rivière Bécancour,becancour,2026-02-26,DJDC-5,0.0,6.741
Rivière Bécancour,becancour,2026-02-27,DJDC-5,0.0,6.58
Rivière Bécancour,becancour,2026-02-28,DJDC-5,2.2,6.434
Rivière Bécancour,becancour,2026-03-01,DJDC-5,0.0,6.717
Rivière Bécancour,becancour,2026-03-02,DJDC-5,0.0,6.916
Rivière Bécancour,becancour,2026-03-03,DJDC-5,0.0,7.098
Rivière Bécancour,becancour,2026-03-04,DJDC-5,5.8,6.778
Rivière Bécancour,becancour,2026-03-05,DJDC-5,4.2,6.56
Rivière Bécancour,becancour,2026-03-06,DJDC-5,4.4,6.581
Rivière Bécancour,becancour,2026-03-07,DJDC-5,14.5,7.468
Rivière Bécancour,becancour,2026-03-08,DJDC-5,24.8,27.25
Rivière Bécancour,becancour,2026-03-09,DJDC-5,37.2,170.2
Rivière Bécancour,becancour,2026-03-10,DJDC-5,48.3,200.8
Rivière Bécancour,becancour,2026-03-11,DJDC-5,51.9,208.2
Rivière Bécancour,becancour,2026-03-12,DJDC-5,54.0,183.2
Rivière Bécancour,becancour,2026-03-13,DJDC-5,52.7,205.7
Rivière Bécancour,becancour,2026-03-14,DJDC-5,53.0,165.5
Rivière Bécancour,becancour,2026-03-15,DJDC-5,50.5,128.4
Rivière Bécancour,becancour,2026-03-16,DJDC-5,61.1,103.7
Rivière Bécancour,becancour,2026-03-17,DJDC-5,65.1,189.7
Rivière Bécancour,becancour,2026-03-18,DJDC-5,57.6,166.5
Rivière Bécancour,becancour,2026-03-19,DJDC-5,57.0,116.9
Rivière Bécancour,becancour,2026-03-20,DJDC-5,57.6,94.71
Rivière Bécancour,becancour,2026-03-21,DJDC-5,59.0,78.6
Rivière Bécancour,becancour,2026-03-22,DJDC-5,57.6,66.21
Rivière Bécancour,becancour,2026-03-23,DJDC-5,55.6,52.31
Rivière Bécancour,becancour,2026-03-24,DJDC-5,53.6,46.0
Rivière Bécancour,becancour,2026-03-25,DJDC-5,51.4,41.98
Rivière Bécancour,becancour,2026-03-26,DJDC-5,58.0,36.45
Rivière Bécancour,becancour,2026-03-27,DJDC-5,53.9,36.08
Rivière Bécancour,becancour,2026-03-28,DJDC-5,46.1,37.49
Rivière Bécancour,becancour,2026-03-29,DJDC-5,44.9,32.35
Rivière Bécancour,becancour,2026-03-30,DJDC-5,53.4,31.8
Rivière Bécancour,becancour,2026-03-31,DJDC-5,58.1,33.13
Rivière Bécancour,becancour,2026-04-01,DJDC-5,60.4,41.48
Rivière Bécancour,becancour,2026-04-02,DJDC-5,62.4,56.41
Rivière Bécancour,becancour,2026-04-03,DJDC-5,72.2,82.96
Rivière Bécancour,becancour,2026-04-04,DJDC-5,76.6,194.9
Rivière Bécancour,becancour,2026-04-05,DJDC-5,84.2,271.8
Rivière Bécancour,becancour,2026-04-06,DJDC-5,85.4,412.9
Rivière Bécancour,becancour,2026-04-07,DJDC-5,83.3,214.6
Rivière Bécancour,becancour,2026-04-08,DJDC-5,84.3,159.0
Rivière Bécancour,becancour,2026-04-09,DJDC-5,96.1,125.4
Rivière Bécancour,becancour,2026-04-10,DJDC-5,107.0,133.2
Rivière Bécancour,becancour,2026-04-11,DJDC-5,113.5,164.2
Rivière Bécancour,becancour,2026-04-12,DJDC-5,121.0,138.0
Rivière Bécancour,becancour,2026-04-13,DJDC-5,132.8,138.0
Rivière Bécancour,becancour,2026-04-14,DJDC-5,143.0,292.3
Rivière Bécancour,becancour,2026-04-15,DJDC-5,154.5,286.3
Rivière Bécancour,becancour,2026-04-16,DJDC-5,170.3,224.9
Rivière Bécancour,becancour,2026-04-17,DJDC-5,185.4,234.1
Rivière Bécancour,becancour,2026-04-18,DJDC-5,200.8,174.0
Rivière Bécancour,becancour,2026-04-19,DJDC-5,208.3,145.3
Rivière Bécancour,becancour,2026-04-20,DJDC-5,207.8,161.2
Rivière Bécancour,becancour,2026-04-21,DJDC-5,215.3,122.2
Rivière Bécancour,becancour,2026-04-22,DJDC-5,220.5,97.92
Rivière Bécancour,becancour,2026-04-23,DJDC-5,227.1,83.6
Rivière Bécancour,becancour,2026-04-24,DJDC-5,234.1,71.96
Rivière Bécancour,becancour,2026-04-25,DJDC-5,242.7,60.7
Rivière Bécancour,becancour,2026-04-26,DJDC-5,255.7,53.34
Rivière Bécancour,becancour,2026-04-27,DJDC-5,271.6,48.23
Rivière Bécancour,becancour,2026-04-28,DJDC-5,289.4,44.24
Rivière Bécancour,becancour,2026-04-29,DJDC-5,305.3,38.4
Rivière Bécancour,becancour,2026-04-30,DJDC-5,315.1,35.03
Rivière Bécancour,becancour,2026-05-01,DJDC-5,321.5,36.23
Rivière Bécancour,becancour,2026-05-02,DJDC-5,327.3,38.82
Rivière Bécancour,becancour,2026-05-03,DJDC-5,334.6,33.25
Rivière Bécancour,becancour,2026-05-04,DJDC-5,342.0,32.29
Rivière Bécancour,becancour,2026-05-05,DJDC-5,359.4,37.46
Rivière Bécancour,becancour,2026-05-06,DJDC-5,369.6,41.81
Rivière Bécancour,becancour,2026-05-07,DJDC-5,378.7,85.62
Rivière Bécancour,becancour,2026-05-08,DJDC-5,386.8,63.81
Rivière Bécancour,becancour,2026-05-09,DJDC-5,399.7,57.41
Rivière Bécancour,becancour,2026-05-10,DJDC-5,414.1,49.4
Rivière Bécancour,becancour,2026-05-11,DJDC-5,424.0,43.57
Rivière Bécancour,becancour,2026-05-12,DJDC-5,432.2,36.44
Rivière Bécancour,becancour,2026-05-13,DJDC-5,441.4,32.1
Rivière Bécancour,becancour,2026-05-14,DJDC-5,454.3,30.22
Rivière Bécancour,becancour,2026-05-15,DJDC-5,475.3,42.91
Rivière Eaton,eaton,2025-10-15,DJGC,0.0,0.647
Rivière Eaton,eaton,2025-10-16,DJGC,0.0,0.629
Rivière Eaton,eaton,2025-10-17,DJGC,0.0,0.605
Rivière Eaton,eaton,2025-10-18,DJGC,0.0,0.596
Rivière Eaton,eaton,2025-10-19,DJGC,0.0,0.576
Rivière Eaton,eaton,2025-10-20,DJGC,0.0,0.615
Rivière Eaton,eaton,2025-10-21,DJGC,0.0,0.899
Rivière Eaton,eaton,2025-10-22,DJGC,0.0,1.073
Rivière Eaton,eaton,2025-10-23,DJGC,0.0,1.327
Rivière Eaton,eaton,2025-10-24,DJGC,0.0,1.405
Rivière Eaton,eaton,2025-10-25,DJGC,0.0,1.359
Rivière Eaton,eaton,2025-10-26,DJGC,0.0,1.314
Rivière Eaton,eaton,2025-10-27,DJGC,0.0,1.232
Rivière Eaton,eaton,2025-10-28,DJGC,0.0,1.147
Rivière Eaton,eaton,2025-10-29,DJGC,0.0,1.016
Rivière Eaton,eaton,2025-10-30,DJGC,0.0,0.94
Rivière Eaton,eaton,2025-10-31,DJGC,0.0,1.441
Rivière Eaton,eaton,2025-11-01,DJGC,0.0,15.77
Rivière Eaton,eaton,2025-11-02,DJGC,0.0,7.795
Rivière Eaton,eaton,2025-11-03,DJGC,0.0,3.971
Rivière Eaton,eaton,2025-11-04,DJGC,0.0,12.63
Rivière Eaton,eaton,2025-11-05,DJGC,0.0,10.97
Rivière Eaton,eaton,2025-11-06,DJGC,0.0,11.85
Rivière Eaton,eaton,2025-11-07,DJGC,0.0,8.163
Rivière Eaton,eaton,2025-11-08,DJGC,0.0,6.013
Rivière Eaton,eaton,2025-11-09,DJGC,0.0,6.185
Rivière Eaton,eaton,2025-11-10,DJGC,0.0,7.023
Rivière Eaton,eaton,2025-11-11,DJGC,3.1,13.2
Rivière Eaton,eaton,2025-11-12,DJGC,4.6,8.682
Rivière Eaton,eaton,2025-11-13,DJGC,4.6,6.726
Rivière Eaton,eaton,2025-11-14,DJGC,5.3,6.132
Rivière Eaton,eaton,2025-11-15,DJGC,7.8,5.369
Rivière Eaton,eaton,2025-11-16,DJGC,9.9,5.209
Rivière Eaton,eaton,2025-11-17,DJGC,12.6,4.982
Rivière Eaton,eaton,2025-11-18,DJGC,14.5,4.739
Rivière Eaton,eaton,2025-11-19,DJGC,17.8,4.482
Rivière Eaton,eaton,2025-11-20,DJGC,22.8,4.299
Rivière Eaton,eaton,2025-11-21,DJGC,25.4,4.206
Rivière Eaton,eaton,2025-11-22,DJGC,28.4,5.09
Rivière Eaton,eaton,2025-11-23,DJGC,32.8,5.392
Rivière Eaton,eaton,2025-11-24,DJGC,34.2,4.81
Rivière Eaton,eaton,2025-11-25,DJGC,33.4,4.296
Rivière Eaton,eaton,2025-11-26,DJGC,30.4,9.458
Rivière Eaton,eaton,2025-11-27,DJGC,29.4,50.34
Rivière Eaton,eaton,2025-11-28,DJGC,31.6,21.07
Rivière Eaton,eaton,2025-11-29,DJGC,34.9,11.53
Rivière Eaton,eaton,2025-11-30,DJGC,37.3,7.755
Rivière Eaton,eaton,2025-12-01,DJGC,43.5,6.664
Rivière Eaton,eaton,2025-12-02,DJGC,51.9,4.143
Rivière Eaton,eaton,2025-12-03,DJGC,59.7,5.247
Rivière Eaton,eaton,2025-12-04,DJGC,70.8,4.358
Rivière Eaton,eaton,2025-12-05,DJGC,88.7,2.709
Rivière Eaton,eaton,2025-12-06,DJGC,96.6,3.956
Rivière Eaton,eaton,2025-12-07,DJGC,108.1,4.988
Rivière Eaton,eaton,2025-12-08,DJGC,128.2,4.082
Rivière Eaton,eaton,2025-12-09,DJGC,147.2,3.408
Rivière Eaton,eaton,2025-12-10,DJGC,153.4,3.786
Rivière Eaton,eaton,2025-12-11,DJGC,160.4,3.834
Rivière Eaton,eaton,2025-12-12,DJGC,170.0,3.647
Rivière Eaton,eaton,2025-12-13,DJGC,179.3,3.536
Rivière Eaton,eaton,2025-12-14,DJGC,191.1,3.455
Rivière Eaton,eaton,2025-12-15,DJGC,203.7,3.276
Rivière Eaton,eaton,2025-12-16,DJGC,210.9,3.266
Rivière Eaton,eaton,2025-12-17,DJGC,213.6,3.292
Rivière Eaton,eaton,2025-12-18,DJGC,214.9,3.51
Rivière Eaton,eaton,2025-12-19,DJGC,210.4,34.71
Rivière Eaton,eaton,2025-12-20,DJGC,215.1,56.77
Rivière Eaton,eaton,2025-12-21,DJGC,219.8,21.65
Rivière Eaton,eaton,2025-12-22,DJGC,230.8,10.72
Rivière Eaton,eaton,2025-12-23,DJGC,237.6,8.281
Rivière Eaton,eaton,2025-12-24,DJGC,245.0,7.76
Rivière Eaton,eaton,2025-12-25,DJGC,256.3,6.632
Rivière Eaton,eaton,2025-12-26,DJGC,276.1,4.136
Rivière Eaton,eaton,2025-12-27,DJGC,291.5,5.837
Rivière Eaton,eaton,2025-12-28,DJGC,306.5,5.654
Rivière Eaton,eaton,2025-12-29,DJGC,309.4,5.84
Rivière Eaton,eaton,2025-12-30,DJGC,320.1,20.72
Rivière Eaton,eaton,2025-12-31,DJGC,332.6,13.73
Rivière Eaton,eaton,2026-01-01,DJGC,348.5,10.08
Rivière Eaton,eaton,2026-01-02,DJGC,369.2,5.894
Rivière Eaton,eaton,2026-01-03,DJGC,386.7,4.848
Rivière Eaton,eaton,2026-01-04,DJGC,403.8,3.898
Rivière Eaton,eaton,2026-01-05,DJGC,421.4,3.397
Rivière Eaton,eaton,2026-01-06,DJGC,429.1,3.325
Rivière Eaton,eaton,2026-01-07,DJGC,432.7,3.408
Rivière Eaton,eaton,2026-01-08,DJGC,434.2,3.473
Rivière Eaton,eaton,2026-01-09,DJGC,434.6,3.339
Rivière Eaton,eaton,2026-01-10,DJGC,433.9,8.238
Rivière Eaton,eaton,2026-01-11,DJGC,436.1,15.4
Rivière Eaton,eaton,2026-01-12,DJGC,443.1,10.32
Rivière Eaton,eaton,2026-01-13,DJGC,443.8,8.024
Rivière Eaton,eaton,2026-01-14,DJGC,441.0,7.091
Rivière Eaton,eaton,2026-01-15,DJGC,446.8,8.886
Rivière Eaton,eaton,2026-01-16,DJGC,464.1,15.42
Rivière Eaton,eaton,2026-01-17,DJGC,473.8,10.59
Rivière Eaton,eaton,2026-01-18,DJGC,481.1,7.749
Rivière Eaton,eaton,2026-01-19,DJGC,489.9,5.936
Rivière Eaton,eaton,2026-01-20,DJGC,503.0,4.819
Rivière Eaton,eaton,2026-01-21,DJGC,514.5,3.539
Rivière Eaton,eaton,2026-01-22,DJGC,520.0,3.531
Rivière Eaton,eaton,2026-01-23,DJGC,534.7,3.337
Rivière Eaton,eaton,2026-01-24,DJGC,561.2,2.715
Rivière Eaton,eaton,2026-01-25,DJGC,585.0,2.301
Rivière Eaton,eaton,2026-01-26,DJGC,597.7,2.282
Rivière Eaton,eaton,2026-01-27,DJGC,613.9,2.656
Rivière Eaton,eaton,2026-01-28,DJGC,630.0,2.579
Rivière Eaton,eaton,2026-01-29,DJGC,647.3,2.295
Rivière Eaton,eaton,2026-01-30,DJGC,667.5,2.313
Rivière Eaton,eaton,2026-01-31,DJGC,684.8,2.124
Rivière Eaton,eaton,2026-02-01,DJGC,702.6,1.954
Rivière Eaton,eaton,2026-02-02,DJGC,719.5,1.915
Rivière Eaton,eaton,2026-02-03,DJGC,733.8,1.888
Rivière Eaton,eaton,2026-02-04,DJGC,744.3,1.846
Rivière Eaton,eaton,2026-02-05,DJGC,760.4,1.831
Rivière Eaton,eaton,2026-02-06,DJGC,776.2,1.836
Rivière Eaton,eaton,2026-02-07,DJGC,790.2,1.8
Rivière Eaton,eaton,2026-02-08,DJGC,810.7,1.746
Rivière Eaton,eaton,2026-02-09,DJGC,828.2,1.549
Rivière Eaton,eaton,2026-02-10,DJGC,842.0,1.398
Rivière Eaton,eaton,2026-02-11,DJGC,847.7,1.426
Rivière Eaton,eaton,2026-02-12,DJGC,861.7,1.518
Rivière Eaton,eaton,2026-02-13,DJGC,876.0,1.519
Rivière Eaton,eaton,2026-02-14,DJGC,887.9,1.467
Rivière Eaton,eaton,2026-02-15,DJDC-5,0.0,1.476
Rivière Eaton,eaton,2026-02-16,DJDC-5,0.0,1.459
Rivière Eaton,eaton,2026-02-17,DJDC-5,3.4,1.437
Rivière Eaton,eaton,2026-02-18,DJDC-5,0.1,1.508
Rivière Eaton,eaton,2026-02-19,DJDC-5,0.0,1.529
Rivière Eaton,eaton,2026-02-20,DJDC-5,0.0,1.489
Rivière Eaton,eaton,2026-02-21,DJDC-5,0.0,1.515
Rivière Eaton,eaton,2026-02-22,DJDC-5,0.0,1.524
Rivière Eaton,eaton,2026-02-23,DJDC-5,0.0,1.503
Rivière Eaton,eaton,2026-02-24,DJDC-5,0.0,1.566
Rivière Eaton,eaton,2026-02-25,DJDC-5,0.0,1.498
Rivière Eaton,eaton,2026-02-26,DJDC-5,0.0,1.475
Rivière Eaton,eaton,2026-02-27,DJDC-5,0.0,1.472
Rivière Eaton,eaton,2026-02-28,DJDC-5,3.6,1.402
Rivière Eaton,eaton,2026-03-01,DJDC-5,0.0,1.515
Rivière Eaton,eaton,2026-03-02,DJDC-5,0.0,1.472
Rivière Eaton,eaton,2026-03-03,DJDC-5,0.0,1.305
Rivière Eaton,eaton,2026-03-04,DJDC-5,6.5,1.348
Rivière Eaton,eaton,2026-03-05,DJDC-5,6.3,1.487
Rivière Eaton,eaton,2026-03-06,DJDC-5,8.3,1.548
Rivière Eaton,eaton,2026-03-07,DJDC-5,19.8,1.783
Rivière Eaton,eaton,2026-03-08,DJDC-5,30.9,60.59
Rivière Eaton,eaton,2026-03-09,DJDC-5,44.1,80.46
Rivière Eaton,eaton,2026-03-10,DJDC-5,59.1,105.8
Rivière Eaton,eaton,2026-03-11,DJDC-5,69.2,108.4
Rivière Eaton,eaton,2026-03-12,DJDC-5,74.8,100.9
Rivière Eaton,eaton,2026-03-13,DJDC-5,75.9,53.37
Rivière Eaton,eaton,2026-03-14,DJDC-5,79.4,28.87
Rivière Eaton,eaton,2026-03-15,DJDC-5,79.2,18.08
Rivière Eaton,eaton,2026-03-16,DJDC-5,92.0,25.27
Rivière Eaton,eaton,2026-03-17,DJDC-5,98.3,90.84
Rivière Eaton,eaton,2026-03-18,DJDC-5,93.2,31.67
Rivière Eaton,eaton,2026-03-19,DJDC-5,94.0,17.64
Rivière Eaton,eaton,2026-03-20,DJDC-5,96.3,14.14
Rivière Eaton,eaton,2026-03-21,DJDC-5,99.3,11.69
Rivière Eaton,eaton,2026-03-22,DJDC-5,101.4,9.668
Rivière Eaton,eaton,2026-03-23,DJDC-5,102.7,9.224
Rivière Eaton,eaton,2026-03-24,DJDC-5,103.7,7.826
Rivière Eaton,eaton,2026-03-25,DJDC-5,105.7,7.176
Rivière Eaton,eaton,2026-03-26,DJDC-5,115.3,8.937
Rivière Eaton,eaton,2026-03-27,DJDC-5,114.4,44.12
Rivière Eaton,eaton,2026-03-28,DJDC-5,110.8,16.84
Rivière Eaton,eaton,2026-03-29,DJDC-5,112.6,11.06
Rivière Eaton,eaton,2026-03-30,DJDC-5,123.4,11.71
Rivière Eaton,eaton,2026-03-31,DJDC-5,130.7,29.94
Rivière Eaton,eaton,2026-04-01,DJDC-5,135.8,114.2
Rivière Eaton,eaton,2026-04-02,DJDC-5,142.8,42.99
Rivière Eaton,eaton,2026-04-03,DJDC-5,154.3,72.63
Rivière Eaton,eaton,2026-04-04,DJDC-5,162.8,73.11
Rivière Eaton,eaton,2026-04-05,DJDC-5,171.9,82.73
Rivière Eaton,eaton,2026-04-06,DJDC-5,175.7,59.57
Rivière Eaton,eaton,2026-04-07,DJDC-5,177.0,27.25
Rivière Eaton,eaton,2026-04-08,DJDC-5,179.9,20.15
Rivière Eaton,eaton,2026-04-09,DJDC-5,192.3,18.04
Rivière Eaton,eaton,2026-04-10,DJDC-5,205.9,21.15
Rivière Eaton,eaton,2026-04-11,DJDC-5,211.9,32.95
Rivière Eaton,eaton,2026-04-12,DJDC-5,219.0,32.95
Rivière Eaton,eaton,2026-04-13,DJDC-5,232.8,32.95
Rivière Eaton,eaton,2026-04-14,DJDC-5,246.5,57.66
Rivière Eaton,eaton,2026-04-15,DJDC-5,259.4,67.18
Rivière Eaton,eaton,2026-04-16,DJDC-5,279.3,36.67
Rivière Eaton,eaton,2026-04-17,DJDC-5,296.0,59.71
Rivière Eaton,eaton,2026-04-18,DJDC-5,312.9,27.87
Rivière Eaton,eaton,2026-04-19,DJDC-5,322.8,28.24
Rivière Eaton,eaton,2026-04-20,DJDC-5,325.4,40.55
Rivière Eaton,eaton,2026-04-21,DJDC-5,332.9,27.87
Rivière Eaton,eaton,2026-04-22,DJDC-5,341.8,24.22
Rivière Eaton,eaton,2026-04-23,DJDC-5,349.3,22.94
Rivière Eaton,eaton,2026-04-24,DJDC-5,356.9,16.7
Rivière Eaton,eaton,2026-04-25,DJDC-5,366.9,12.94
Rivière Eaton,eaton,2026-04-26,DJDC-5,380.8,10.58
Rivière Eaton,eaton,2026-04-27,DJDC-5,397.6,8.86
Rivière Eaton,eaton,2026-04-28,DJDC-5,415.5,7.651
Rivière Eaton,eaton,2026-04-29,DJDC-5,432.0,6.463
Rivière Eaton,eaton,2026-04-30,DJDC-5,443.8,5.967
Rivière Eaton,eaton,2026-05-01,DJDC-5,452.9,12.37
Rivière Eaton,eaton,2026-05-02,DJDC-5,461.7,8.118
Rivière Eaton,eaton,2026-05-03,DJDC-5,470.2,8.084
Rivière Eaton,eaton,2026-05-04,DJDC-5,480.4,6.841
Rivière Eaton,eaton,2026-05-05,DJDC-5,499.7,7.052
Rivière Eaton,eaton,2026-05-06,DJDC-5,511.1,19.31
Rivière Eaton,eaton,2026-05-07,DJDC-5,520.8,42.28
Rivière Eaton,eaton,2026-05-08,DJDC-5,530.1,17.89
Rivière Eaton,eaton,2026-05-09,DJDC-5,542.8,12.89
Rivière Eaton,eaton,2026-05-10,DJDC-5,559.0,9.536
Rivière Eaton,eaton,2026-05-11,DJDC-5,570.2,10.45
Rivière Eaton,eaton,2026-05-12,DJDC-5,580.6,8.607
Rivière Eaton,eaton,2026-05-13,DJDC-5,591.1,7.052
Rivière Eaton,eaton,2026-05-14,DJDC-5,605.7,8.751
Rivière Eaton,eaton,2026-05-15,DJDC-5,626.7,34.56
Rivière Etchemin,etchemin,2025-10-15,DJGC,0.0,2.439
Rivière Etchemin,etchemin,2025-10-16,DJGC,0.0,1.925
Rivière Etchemin,etchemin,2025-10-17,DJGC,0.0,1.982
Rivière Etchemin,etchemin,2025-10-18,DJGC,0.0,1.702
Rivière Etchemin,etchemin,2025-10-19,DJGC,0.0,2.025
Rivière Etchemin,etchemin,2025-10-20,DJGC,0.0,2.221
Rivière Etchemin,etchemin,2025-10-21,DJGC,0.0,1.967
Rivière Etchemin,etchemin,2025-10-22,DJGC,0.0,1.519
Rivière Etchemin,etchemin,2025-10-23,DJGC,0.0,3.288
Rivière Etchemin,etchemin,2025-10-24,DJGC,0.0,4.348
Rivière Etchemin,etchemin,2025-10-25,DJGC,0.0,4.013
Rivière Etchemin,etchemin,2025-10-26,DJGC,0.0,3.315
Rivière Etchemin,etchemin,2025-10-27,DJGC,0.0,3.002
Rivière Etchemin,etchemin,2025-10-28,DJGC,0.0,2.827
Rivière Etchemin,etchemin,2025-10-29,DJGC,0.0,2.7
Rivière Etchemin,etchemin,2025-10-30,DJGC,0.0,2.609
Rivière Etchemin,etchemin,2025-10-31,DJGC,0.0,4.324
Rivière Etchemin,etchemin,2025-11-01,DJGC,0.0,25.1
Rivière Etchemin,etchemin,2025-11-02,DJGC,0.0,21.23
Rivière Etchemin,etchemin,2025-11-03,DJGC,0.0,10.82
Rivière Etchemin,etchemin,2025-11-04,DJGC,0.0,10.06
Rivière Etchemin,etchemin,2025-11-05,DJGC,0.0,14.5
Rivière Etchemin,etchemin,2025-11-06,DJGC,0.0,12.77
Rivière Etchemin,etchemin,2025-11-07,DJGC,0.5,10.54
Rivière Etchemin,etchemin,2025-11-08,DJGC,0.0,8.873
Rivière Etchemin,etchemin,2025-11-09,DJGC,1.2,7.855
Rivière Etchemin,etchemin,2025-11-10,DJGC,0.0,14.32
Rivière Etchemin,etchemin,2025-11-11,DJGC,1.3,52.6
Rivière Etchemin,etchemin,2025-11-12,DJGC,1.6,41.05
Rivière Etchemin,etchemin,2025-11-13,DJGC,1.3,22.61
Rivière Etchemin,etchemin,2025-11-14,DJGC,1.9,17.2
Rivière Etchemin,etchemin,2025-11-15,DJGC,4.9,14.33
Rivière Etchemin,etchemin,2025-11-16,DJGC,7.9,12.47
Rivière Etchemin,etchemin,2025-11-17,DJGC,10.6,10.72
Rivière Etchemin,etchemin,2025-11-18,DJGC,11.6,10.05
Rivière Etchemin,etchemin,2025-11-19,DJGC,11.8,9.549
Rivière Etchemin,etchemin,2025-11-20,DJGC,12.9,9.17
Rivière Etchemin,etchemin,2025-11-21,DJGC,14.6,8.944
Rivière Etchemin,etchemin,2025-11-22,DJGC,16.7,9.064
Rivière Etchemin,etchemin,2025-11-23,DJGC,20.2,8.68
Rivière Etchemin,etchemin,2025-11-24,DJGC,23.0,8.659
Rivière Etchemin,etchemin,2025-11-25,DJGC,21.1,7.829
Rivière Etchemin,etchemin,2025-11-26,DJGC,19.2,8.072
Rivière Etchemin,etchemin,2025-11-27,DJGC,17.7,26.14
Rivière Etchemin,etchemin,2025-11-28,DJGC,19.1,29.12
Rivière Etchemin,etchemin,2025-11-29,DJGC,21.7,19.17
Rivière Etchemin,etchemin,2025-11-30,DJGC,24.3,14.09
Rivière Etchemin,etchemin,2025-12-01,DJGC,28.6,11.05
Rivière Etchemin,etchemin,2025-12-02,DJGC,37.3,9.627
Rivière Etchemin,etchemin,2025-12-03,DJGC,47.6,7.994
Rivière Etchemin,etchemin,2025-12-04,DJGC,58.0,7.401
Rivière Etchemin,etchemin,2025-12-05,DJGC,74.6,6.357
Rivière Etchemin,etchemin,2025-12-06,DJGC,82.5,5.501
Rivière Etchemin,etchemin,2025-12-07,DJGC,92.6,5.317
Rivière Etchemin,etchemin,2025-12-08,DJGC,109.3,4.552
Rivière Etchemin,etchemin,2025-12-09,DJGC,125.9,4.154
Rivière Etchemin,etchemin,2025-12-10,DJGC,135.6,4.75
Rivière Etchemin,etchemin,2025-12-11,DJGC,143.9,5.242
Rivière Etchemin,etchemin,2025-12-12,DJGC,152.1,5.279
Rivière Etchemin,etchemin,2025-12-13,DJGC,161.6,5.467
Rivière Etchemin,etchemin,2025-12-14,DJGC,172.9,5.798
Rivière Etchemin,etchemin,2025-12-15,DJGC,186.9,5.492
Rivière Etchemin,etchemin,2025-12-16,DJGC,196.0,5.415
Rivière Etchemin,etchemin,2025-12-17,DJGC,199.4,5.525
Rivière Etchemin,etchemin,2025-12-18,DJGC,202.0,5.757
Rivière Etchemin,etchemin,2025-12-19,DJGC,197.8,10.3
Rivière Etchemin,etchemin,2025-12-20,DJGC,204.0,68.08
Rivière Etchemin,etchemin,2025-12-21,DJGC,209.4,44.51
Rivière Etchemin,etchemin,2025-12-22,DJGC,221.1,29.37
Rivière Etchemin,etchemin,2025-12-23,DJGC,234.3,22.1
Rivière Etchemin,etchemin,2025-12-24,DJGC,241.9,16.89
Rivière Etchemin,etchemin,2025-12-25,DJGC,253.8,17.73
Rivière Etchemin,etchemin,2025-12-26,DJGC,272.6,17.01
Rivière Etchemin,etchemin,2025-12-27,DJGC,288.1,16.34
Rivière Etchemin,etchemin,2025-12-28,DJGC,303.1,16.94
Rivière Etchemin,etchemin,2025-12-29,DJGC,308.8,17.59
Rivière Etchemin,etchemin,2025-12-30,DJGC,318.4,14.77
Rivière Etchemin,etchemin,2025-12-31,DJGC,332.4,11.83
Rivière Etchemin,etchemin,2026-01-01,DJGC,345.2,10.25
Rivière Etchemin,etchemin,2026-01-02,DJGC,364.2,9.489
Rivière Etchemin,etchemin,2026-01-03,DJGC,383.3,9.305
Rivière Etchemin,etchemin,2026-01-04,DJGC,402.9,8.678
Rivière Etchemin,etchemin,2026-01-05,DJGC,421.7,7.95
Rivière Etchemin,etchemin,2026-01-06,DJGC,431.8,6.909
Rivière Etchemin,etchemin,2026-01-07,DJGC,436.3,6.216
Rivière Etchemin,etchemin,2026-01-08,DJGC,438.2,5.655
Rivière Etchemin,etchemin,2026-01-09,DJGC,436.2,5.343
Rivière Etchemin,etchemin,2026-01-10,DJGC,435.2,10.54
Rivière Etchemin,etchemin,2026-01-11,DJGC,437.3,20.04
Rivière Etchemin,etchemin,2026-01-12,DJGC,443.9,18.85
Rivière Etchemin,etchemin,2026-01-13,DJGC,445.3,15.12
Rivière Etchemin,etchemin,2026-01-14,DJGC,444.3,12.83
Rivière Etchemin,etchemin,2026-01-15,DJGC,448.4,12.51
Rivière Etchemin,etchemin,2026-01-16,DJGC,462.7,13.19
Rivière Etchemin,etchemin,2026-01-17,DJGC,474.7,12.11
Rivière Etchemin,etchemin,2026-01-18,DJGC,481.2,11.07
Rivière Etchemin,etchemin,2026-01-19,DJGC,490.5,9.928
Rivière Etchemin,etchemin,2026-01-20,DJGC,503.0,9.069
Rivière Etchemin,etchemin,2026-01-21,DJGC,514.6,8.301
Rivière Etchemin,etchemin,2026-01-22,DJGC,519.9,7.851
Rivière Etchemin,etchemin,2026-01-23,DJGC,534.1,7.623
Rivière Etchemin,etchemin,2026-01-24,DJGC,558.1,7.256
Rivière Etchemin,etchemin,2026-01-25,DJGC,580.6,6.515
Rivière Etchemin,etchemin,2026-01-26,DJGC,594.2,6.188
Rivière Etchemin,etchemin,2026-01-27,DJGC,611.6,6.345
Rivière Etchemin,etchemin,2026-01-28,DJGC,630.3,6.255
Rivière Etchemin,etchemin,2026-01-29,DJGC,649.2,5.974
Rivière Etchemin,etchemin,2026-01-30,DJGC,666.9,5.712
Rivière Etchemin,etchemin,2026-01-31,DJGC,682.3,5.503
Rivière Etchemin,etchemin,2026-02-01,DJGC,698.5,5.319
Rivière Etchemin,etchemin,2026-02-02,DJGC,713.0,5.201
Rivière Etchemin,etchemin,2026-02-03,DJGC,725.4,5.064
Rivière Etchemin,etchemin,2026-02-04,DJGC,735.1,4.979
Rivière Etchemin,etchemin,2026-02-05,DJGC,750.5,4.889
Rivière Etchemin,etchemin,2026-02-06,DJGC,768.1,4.93
Rivière Etchemin,etchemin,2026-02-07,DJGC,779.9,4.854
Rivière Etchemin,etchemin,2026-02-08,DJGC,797.4,4.694
Rivière Etchemin,etchemin,2026-02-09,DJGC,812.6,4.591
Rivière Etchemin,etchemin,2026-02-10,DJGC,825.8,4.394
Rivière Etchemin,etchemin,2026-02-11,DJGC,831.1,4.281
Rivière Etchemin,etchemin,2026-02-12,DJGC,839.0,4.422
Rivière Etchemin,etchemin,2026-02-13,DJGC,850.3,4.526
Rivière Etchemin,etchemin,2026-02-14,DJGC,860.4,4.65
Rivière Etchemin,etchemin,2026-02-15,DJDC-5,0.0,4.485
Rivière Etchemin,etchemin,2026-02-16,DJDC-5,0.0,4.316
Rivière Etchemin,etchemin,2026-02-17,DJDC-5,4.0,4.306
Rivière Etchemin,etchemin,2026-02-18,DJDC-5,1.0,4.495
Rivière Etchemin,etchemin,2026-02-19,DJDC-5,0.0,4.551
Rivière Etchemin,etchemin,2026-02-20,DJDC-5,0.0,4.48
Rivière Etchemin,etchemin,2026-02-21,DJDC-5,0.0,4.333
Rivière Etchemin,etchemin,2026-02-22,DJDC-5,0.0,4.212
Rivière Etchemin,etchemin,2026-02-23,DJDC-5,0.0,4.101
Rivière Etchemin,etchemin,2026-02-24,DJDC-5,0.0,4.05
Rivière Etchemin,etchemin,2026-02-25,DJDC-5,0.0,4.094
Rivière Etchemin,etchemin,2026-02-26,DJDC-5,0.0,3.95
Rivière Etchemin,etchemin,2026-02-27,DJDC-5,0.0,4.047
Rivière Etchemin,etchemin,2026-02-28,DJDC-5,2.7,4.027
Rivière Etchemin,etchemin,2026-03-01,DJDC-5,0.0,4.115
Rivière Etchemin,etchemin,2026-03-02,DJDC-5,0.0,3.925
Rivière Etchemin,etchemin,2026-03-03,DJDC-5,0.0,3.538
Rivière Etchemin,etchemin,2026-03-04,DJDC-5,6.0,3.585
Rivière Etchemin,etchemin,2026-03-05,DJDC-5,5.7,3.754
Rivière Etchemin,etchemin,2026-03-06,DJDC-5,7.7,3.727
Rivière Etchemin,etchemin,2026-03-07,DJDC-5,17.7,4.211
Rivière Etchemin,etchemin,2026-03-08,DJDC-5,28.5,28.64
Rivière Etchemin,etchemin,2026-03-09,DJDC-5,41.7,61.22
Rivière Etchemin,etchemin,2026-03-10,DJDC-5,54.6,73.07
Rivière Etchemin,etchemin,2026-03-11,DJDC-5,58.3,73.0
Rivière Etchemin,etchemin,2026-03-12,DJDC-5,60.6,59.94
Rivière Etchemin,etchemin,2026-03-13,DJDC-5,60.7,44.75
Rivière Etchemin,etchemin,2026-03-14,DJDC-5,63.0,32.6
Rivière Etchemin,etchemin,2026-03-15,DJDC-5,62.5,25.21
Rivière Etchemin,etchemin,2026-03-16,DJDC-5,73.3,24.39
Rivière Etchemin,etchemin,2026-03-17,DJDC-5,79.4,88.91
Rivière Etchemin,etchemin,2026-03-18,DJDC-5,73.9,63.74
Rivière Etchemin,etchemin,2026-03-19,DJDC-5,74.5,46.18
Rivière Etchemin,etchemin,2026-03-20,DJDC-5,76.6,30.09
Rivière Etchemin,etchemin,2026-03-21,DJDC-5,79.0,25.62
Rivière Etchemin,etchemin,2026-03-22,DJDC-5,78.5,22.34
Rivière Etchemin,etchemin,2026-03-23,DJDC-5,80.2,16.74
Rivière Etchemin,etchemin,2026-03-24,DJDC-5,82.6,15.82
Rivière Etchemin,etchemin,2026-03-25,DJDC-5,82.1,16.21
Rivière Etchemin,etchemin,2026-03-26,DJDC-5,87.4,14.01
Rivière Etchemin,etchemin,2026-03-27,DJDC-5,85.4,13.75
Rivière Etchemin,etchemin,2026-03-28,DJDC-5,80.4,11.72
Rivière Etchemin,etchemin,2026-03-29,DJDC-5,82.2,12.28
Rivière Etchemin,etchemin,2026-03-30,DJDC-5,91.3,12.64
Rivière Etchemin,etchemin,2026-03-31,DJDC-5,96.7,12.24
Rivière Etchemin,etchemin,2026-04-01,DJDC-5,100.5,12.37
Rivière Etchemin,etchemin,2026-04-02,DJDC-5,104.2,14.76
Rivière Etchemin,etchemin,2026-04-03,DJDC-5,114.0,36.23
Rivière Etchemin,etchemin,2026-04-04,DJDC-5,120.4,58.93
Rivière Etchemin,etchemin,2026-04-05,DJDC-5,129.3,129.0
Rivière Etchemin,etchemin,2026-04-06,DJDC-5,133.2,121.0
Rivière Etchemin,etchemin,2026-04-07,DJDC-5,134.8,109.7
Rivière Etchemin,etchemin,2026-04-08,DJDC-5,137.8,62.33
Rivière Etchemin,etchemin,2026-04-09,DJDC-5,150.7,46.87
Rivière Etchemin,etchemin,2026-04-10,DJDC-5,163.5,69.89
Rivière Etchemin,etchemin,2026-04-11,DJDC-5,171.8,69.89
Rivière Etchemin,etchemin,2026-04-12,DJDC-5,180.4,69.89
Rivière Etchemin,etchemin,2026-04-13,DJDC-5,193.3,69.89
Rivière Etchemin,etchemin,2026-04-14,DJDC-5,205.8,203.9
Rivière Etchemin,etchemin,2026-04-15,DJDC-5,218.3,214.5
Rivière Etchemin,etchemin,2026-04-16,DJDC-5,233.6,160.1
Rivière Etchemin,etchemin,2026-04-17,DJDC-5,249.1,227.8
Rivière Etchemin,etchemin,2026-04-18,DJDC-5,264.5,188.0
Rivière Etchemin,etchemin,2026-04-19,DJDC-5,273.3,169.6
Rivière Etchemin,etchemin,2026-04-20,DJDC-5,275.3,168.6
Rivière Etchemin,etchemin,2026-04-21,DJDC-5,282.443,110.1
Rivière Etchemin,etchemin,2026-04-22,DJDC-5,290.3,63.21
Rivière Etchemin,etchemin,2026-04-23,DJDC-5,297.6,51.85
Rivière Etchemin,etchemin,2026-04-24,DJDC-5,306.886,45.88
Rivière Etchemin,etchemin,2026-04-25,DJDC-5,315.2,36.89
Rivière Etchemin,etchemin,2026-04-26,DJDC-5,328.3,35.41
Rivière Etchemin,etchemin,2026-04-27,DJDC-5,344.6,41.43
Rivière Etchemin,etchemin,2026-04-28,DJDC-5,362.3,48.48
Rivière Etchemin,etchemin,2026-04-29,DJDC-5,381.2,50.91
Rivière Etchemin,etchemin,2026-04-30,DJDC-5,393.2,48.71
Rivière Etchemin,etchemin,2026-05-01,DJDC-5,400.5,75.62
Rivière Etchemin,etchemin,2026-05-02,DJDC-5,407.5,66.98
Rivière Etchemin,etchemin,2026-05-03,DJDC-5,416.5,39.23
Rivière Etchemin,etchemin,2026-05-04,DJDC-5,425.1,30.78
Rivière Etchemin,etchemin,2026-05-05,DJDC-5,441.5,24.6
Rivière Etchemin,etchemin,2026-05-06,DJDC-5,453.5,46.56
Rivière Etchemin,etchemin,2026-05-07,DJDC-5,465.1,87.6
Rivière Etchemin,etchemin,2026-05-08,DJDC-5,475.9,66.98
Rivière Etchemin,etchemin,2026-05-09,DJDC-5,489.2,43.57
Rivière Etchemin,etchemin,2026-05-10,DJDC-5,506.0,32.16
Rivière Etchemin,etchemin,2026-05-11,DJDC-5,516.5,35.7
Rivière Etchemin,etchemin,2026-05-12,DJDC-5,525.2,26.66
Rivière Etchemin,etchemin,2026-05-13,DJDC-5,535.9,21.79
Rivière Etchemin,etchemin,2026-05-14,DJDC-5,549.7,16.12
Rivière Etchemin,etchemin,2026-05-15,DJDC-5,570.162,27.26
Rivière Saint-Charles,saintcharles,2025-10-15,DJGC,0.0,1.83
Rivière Saint-Charles,saintcharles,2025-10-16,DJGC,0.0,1.247
Rivière Saint-Charles,saintcharles,2025-10-17,DJGC,0.0,1.04
Rivière Saint-Charles,saintcharles,2025-10-18,DJGC,0.0,1.336
Rivière Saint-Charles,saintcharles,2025-10-19,DJGC,0.0,1.284
Rivière Saint-Charles,saintcharles,2025-10-20,DJGC,0.0,2.545
Rivière Saint-Charles,saintcharles,2025-10-21,DJGC,0.0,3.486
Rivière Saint-Charles,saintcharles,2025-10-22,DJGC,0.0,4.423
Rivière Saint-Charles,saintcharles,2025-10-23,DJGC,0.0,6.076
Rivière Saint-Charles,saintcharles,2025-10-24,DJGC,0.0,7.196
Rivière Saint-Charles,saintcharles,2025-10-25,DJGC,0.0,6.247
Rivière Saint-Charles,saintcharles,2025-10-26,DJGC,0.0,4.886
Rivière Saint-Charles,saintcharles,2025-10-27,DJGC,0.0,4.055
Rivière Saint-Charles,saintcharles,2025-10-28,DJGC,0.0,3.542
Rivière Saint-Charles,saintcharles,2025-10-29,DJGC,0.0,4.61
Rivière Saint-Charles,saintcharles,2025-10-30,DJGC,0.0,4.396
Rivière Saint-Charles,saintcharles,2025-10-31,DJGC,0.0,10.47
Rivière Saint-Charles,saintcharles,2025-11-01,DJGC,0.0,16.02
Rivière Saint-Charles,saintcharles,2025-11-02,DJGC,0.0,9.99
Rivière Saint-Charles,saintcharles,2025-11-03,DJGC,0.0,6.259
Rivière Saint-Charles,saintcharles,2025-11-04,DJGC,0.0,8.314
Rivière Saint-Charles,saintcharles,2025-11-05,DJGC,0.0,9.162
Rivière Saint-Charles,saintcharles,2025-11-06,DJGC,0.0,6.87
Rivière Saint-Charles,saintcharles,2025-11-07,DJGC,1.3,4.625
Rivière Saint-Charles,saintcharles,2025-11-08,DJGC,0.0,6.979
Rivière Saint-Charles,saintcharles,2025-11-09,DJGC,1.7,8.623
Rivière Saint-Charles,saintcharles,2025-11-10,DJGC,0.3,10.0
Rivière Saint-Charles,saintcharles,2025-11-11,DJGC,1.7,21.61
Rivière Saint-Charles,saintcharles,2025-11-12,DJGC,2.6,20.87
Rivière Saint-Charles,saintcharles,2025-11-13,DJGC,3.6,12.05
Rivière Saint-Charles,saintcharles,2025-11-14,DJGC,3.4,11.18
Rivière Saint-Charles,saintcharles,2025-11-15,DJGC,5.3,7.834
Rivière Saint-Charles,saintcharles,2025-11-16,DJGC,8.5,7.121
Rivière Saint-Charles,saintcharles,2025-11-17,DJGC,9.3,6.282
Rivière Saint-Charles,saintcharles,2025-11-18,DJGC,8.9,4.144
Rivière Saint-Charles,saintcharles,2025-11-19,DJGC,9.7,4.704
Rivière Saint-Charles,saintcharles,2025-11-20,DJGC,12.3,5.75
Rivière Saint-Charles,saintcharles,2025-11-21,DJGC,13.9,4.391
Rivière Saint-Charles,saintcharles,2025-11-22,DJGC,15.3,4.33
Rivière Saint-Charles,saintcharles,2025-11-23,DJGC,19.6,3.985
Rivière Saint-Charles,saintcharles,2025-11-24,DJGC,23.4,2.937
Rivière Saint-Charles,saintcharles,2025-11-25,DJGC,22.1,3.202
Rivière Saint-Charles,saintcharles,2025-11-26,DJGC,20.1,3.343
Rivière Saint-Charles,saintcharles,2025-11-27,DJGC,18.1,7.11
Rivière Saint-Charles,saintcharles,2025-11-28,DJGC,19.6,8.604
Rivière Saint-Charles,saintcharles,2025-11-29,DJGC,22.0,6.061
Rivière Saint-Charles,saintcharles,2025-11-30,DJGC,24.3,4.737
Rivière Saint-Charles,saintcharles,2025-12-01,DJGC,30.1,5.174
Rivière Saint-Charles,saintcharles,2025-12-02,DJGC,40.1,4.474
Rivière Saint-Charles,saintcharles,2025-12-03,DJGC,51.9,3.12
Rivière Saint-Charles,saintcharles,2025-12-04,DJGC,62.7,3.802
Rivière Saint-Charles,saintcharles,2025-12-05,DJGC,80.4,4.078
Rivière Saint-Charles,saintcharles,2025-12-06,DJGC,89.6,3.837
Rivière Saint-Charles,saintcharles,2025-12-07,DJGC,98.8,4.056
Rivière Saint-Charles,saintcharles,2025-12-08,DJGC,115.5,4.455
Rivière Saint-Charles,saintcharles,2025-12-09,DJGC,133.5,5.42
Rivière Saint-Charles,saintcharles,2025-12-10,DJGC,143.2,6.253
Rivière Saint-Charles,saintcharles,2025-12-11,DJGC,150.5,4.24
Rivière Saint-Charles,saintcharles,2025-12-12,DJGC,157.5,4.009
Rivière Saint-Charles,saintcharles,2025-12-13,DJGC,166.0,4.21
Rivière Saint-Charles,saintcharles,2025-12-14,DJGC,176.6,4.251
Rivière Saint-Charles,saintcharles,2025-12-15,DJGC,188.0,4.396
Rivière Saint-Charles,saintcharles,2025-12-16,DJGC,195.4,4.488
Rivière Saint-Charles,saintcharles,2025-12-17,DJGC,198.0,4.566
Rivière Saint-Charles,saintcharles,2025-12-18,DJGC,205.5,5.898
Rivière Saint-Charles,saintcharles,2025-12-19,DJGC,204.7,8.287
Rivière Saint-Charles,saintcharles,2025-12-20,DJGC,211.0,13.4
Rivière Saint-Charles,saintcharles,2025-12-21,DJGC,216.5,10.58
Rivière Saint-Charles,saintcharles,2025-12-22,DJGC,229.7,12.9
Rivière Saint-Charles,saintcharles,2025-12-23,DJGC,244.2,10.92
Rivière Saint-Charles,saintcharles,2025-12-24,DJGC,252.7,7.008
Rivière Saint-Charles,saintcharles,2025-12-25,DJGC,265.4,8.934
Rivière Saint-Charles,saintcharles,2025-12-26,DJGC,282.3,12.18
Rivière Saint-Charles,saintcharles,2025-12-27,DJGC,298.2,11.64
Rivière Saint-Charles,saintcharles,2025-12-28,DJGC,314.1,10.29
Rivière Saint-Charles,saintcharles,2025-12-29,DJGC,318.3,5.795
Rivière Saint-Charles,saintcharles,2025-12-30,DJGC,327.7,6.632
Rivière Saint-Charles,saintcharles,2025-12-31,DJGC,344.1,6.873
Rivière Saint-Charles,saintcharles,2026-01-01,DJGC,357.3,7.095
Rivière Saint-Charles,saintcharles,2026-01-02,DJGC,377.8,7.012
Rivière Saint-Charles,saintcharles,2026-01-03,DJGC,397.4,6.843
Rivière Saint-Charles,saintcharles,2026-01-04,DJGC,417.7,6.529
Rivière Saint-Charles,saintcharles,2026-01-05,DJGC,436.1,6.198
Rivière Saint-Charles,saintcharles,2026-01-06,DJGC,447.0,5.401
Rivière Saint-Charles,saintcharles,2026-01-07,DJGC,452.3,4.004
Rivière Saint-Charles,saintcharles,2026-01-08,DJGC,453.5,3.96
Rivière Saint-Charles,saintcharles,2026-01-09,DJGC,451.7,4.092
Rivière Saint-Charles,saintcharles,2026-01-10,DJGC,452.1,5.402
Rivière Saint-Charles,saintcharles,2026-01-11,DJGC,456.3,5.521
Rivière Saint-Charles,saintcharles,2026-01-12,DJGC,464.7,5.417
Rivière Saint-Charles,saintcharles,2026-01-13,DJGC,468.8,4.816
Rivière Saint-Charles,saintcharles,2026-01-14,DJGC,467.5,4.531
Rivière Saint-Charles,saintcharles,2026-01-15,DJGC,472.7,4.252
Rivière Saint-Charles,saintcharles,2026-01-16,DJGC,488.3,3.973
Rivière Saint-Charles,saintcharles,2026-01-17,DJGC,500.2,3.69
Rivière Saint-Charles,saintcharles,2026-01-18,DJGC,508.9,3.403
Rivière Saint-Charles,saintcharles,2026-01-19,DJGC,520.7,3.019
Rivière Saint-Charles,saintcharles,2026-01-20,DJGC,532.6,2.951
Rivière Saint-Charles,saintcharles,2026-01-21,DJGC,545.1,2.751
Rivière Saint-Charles,saintcharles,2026-01-22,DJGC,551.5,2.717
Rivière Saint-Charles,saintcharles,2026-01-23,DJGC,566.3,2.926
Rivière Saint-Charles,saintcharles,2026-01-24,DJGC,590.6,2.302
Rivière Saint-Charles,saintcharles,2026-01-25,DJGC,612.4,2.227
Rivière Saint-Charles,saintcharles,2026-01-26,DJGC,625.6,2.361
Rivière Saint-Charles,saintcharles,2026-01-27,DJGC,642.4,2.694
Rivière Saint-Charles,saintcharles,2026-01-28,DJGC,662.5,2.422
Rivière Saint-Charles,saintcharles,2026-01-29,DJGC,681.0,2.34
Rivière Saint-Charles,saintcharles,2026-01-30,DJGC,697.6,2.114
Rivière Saint-Charles,saintcharles,2026-01-31,DJGC,714.0,2.222
Rivière Saint-Charles,saintcharles,2026-02-01,DJGC,732.1,2.083
Rivière Saint-Charles,saintcharles,2026-02-02,DJGC,748.5,1.775
Rivière Saint-Charles,saintcharles,2026-02-03,DJGC,763.2,2.017
Rivière Saint-Charles,saintcharles,2026-02-04,DJGC,773.2,1.859
Rivière Saint-Charles,saintcharles,2026-02-05,DJGC,787.9,1.728
Rivière Saint-Charles,saintcharles,2026-02-06,DJGC,804.4,1.761
Rivière Saint-Charles,saintcharles,2026-02-07,DJGC,814.8,1.662
Rivière Saint-Charles,saintcharles,2026-02-08,DJGC,829.3,1.695
Rivière Saint-Charles,saintcharles,2026-02-09,DJGC,843.8,1.389
Rivière Saint-Charles,saintcharles,2026-02-10,DJGC,857.9,1.313
Rivière Saint-Charles,saintcharles,2026-02-11,DJGC,863.1,1.578
Rivière Saint-Charles,saintcharles,2026-02-12,DJGC,870.6,1.643
Rivière Saint-Charles,saintcharles,2026-02-13,DJGC,882.9,1.408
Rivière Saint-Charles,saintcharles,2026-02-14,DJGC,894.9,1.013
Rivière Saint-Charles,saintcharles,2026-02-15,DJDC-5,0.0,0.972
Rivière Saint-Charles,saintcharles,2026-02-16,DJDC-5,0.0,0.924
Rivière Saint-Charles,saintcharles,2026-02-17,DJDC-5,3.0,1.07
Rivière Saint-Charles,saintcharles,2026-02-18,DJDC-5,1.4,1.093
Rivière Saint-Charles,saintcharles,2026-02-19,DJDC-5,0.0,0.935
Rivière Saint-Charles,saintcharles,2026-02-20,DJDC-5,0.0,0.829
Rivière Saint-Charles,saintcharles,2026-02-21,DJDC-5,0.0,0.668
Rivière Saint-Charles,saintcharles,2026-02-22,DJDC-5,0.0,0.706
Rivière Saint-Charles,saintcharles,2026-02-23,DJDC-5,0.0,0.627
Rivière Saint-Charles,saintcharles,2026-02-24,DJDC-5,0.0,0.497
Rivière Saint-Charles,saintcharles,2026-02-25,DJDC-5,0.0,0.496
Rivière Saint-Charles,saintcharles,2026-02-26,DJDC-5,0.0,0.803
Rivière Saint-Charles,saintcharles,2026-02-27,DJDC-5,0.0,0.625
Rivière Saint-Charles,saintcharles,2026-02-28,DJDC-5,2.8,1.073
Rivière Saint-Charles,saintcharles,2026-03-01,DJDC-5,0.0,1.038
Rivière Saint-Charles,saintcharles,2026-03-02,DJDC-5,0.0,0.508
Rivière Saint-Charles,saintcharles,2026-03-03,DJDC-5,0.0,0.434
Rivière Saint-Charles,saintcharles,2026-03-04,DJDC-5,4.3,0.771
Rivière Saint-Charles,saintcharles,2026-03-05,DJDC-5,1.8,0.598
Rivière Saint-Charles,saintcharles,2026-03-06,DJDC-5,1.4,0.792
Rivière Saint-Charles,saintcharles,2026-03-07,DJDC-5,6.7,3.089
Rivière Saint-Charles,saintcharles,2026-03-08,DJDC-5,15.4,4.283
Rivière Saint-Charles,saintcharles,2026-03-09,DJDC-5,25.6,7.026
Rivière Saint-Charles,saintcharles,2026-03-10,DJDC-5,35.8,9.261
Rivière Saint-Charles,saintcharles,2026-03-11,DJDC-5,36.5,9.043
Rivière Saint-Charles,saintcharles,2026-03-12,DJDC-5,37.9,9.497
Rivière Saint-Charles,saintcharles,2026-03-13,DJDC-5,37.9,8.441
Rivière Saint-Charles,saintcharles,2026-03-14,DJDC-5,37.8,7.087
Rivière Saint-Charles,saintcharles,2026-03-15,DJDC-5,35.0,7.745
Rivière Saint-Charles,saintcharles,2026-03-16,DJDC-5,40.8,7.996
Rivière Saint-Charles,saintcharles,2026-03-17,DJDC-5,41.9,16.01
Rivière Saint-Charles,saintcharles,2026-03-18,DJDC-5,34.6,24.84
Rivière Saint-Charles,saintcharles,2026-03-19,DJDC-5,32.9,20.35
Rivière Saint-Charles,saintcharles,2026-03-20,DJDC-5,32.4,21.58
Rivière Saint-Charles,saintcharles,2026-03-21,DJDC-5,33.1,15.03
Rivière Saint-Charles,saintcharles,2026-03-22,DJDC-5,33.4,6.673
Rivière Saint-Charles,saintcharles,2026-03-23,DJDC-5,36.0,5.885
Rivière Saint-Charles,saintcharles,2026-03-24,DJDC-5,36.7,5.612
Rivière Saint-Charles,saintcharles,2026-03-25,DJDC-5,35.5,5.177
Rivière Saint-Charles,saintcharles,2026-03-26,DJDC-5,34.3,4.02
Rivière Saint-Charles,saintcharles,2026-03-27,DJDC-5,30.2,4.136
Rivière Saint-Charles,saintcharles,2026-03-28,DJDC-5,22.7,4.072
Rivière Saint-Charles,saintcharles,2026-03-29,DJDC-5,22.9,4.072
Rivière Saint-Charles,saintcharles,2026-03-30,DJDC-5,29.6,3.722
Rivière Saint-Charles,saintcharles,2026-03-31,DJDC-5,34.8,3.628
Rivière Saint-Charles,saintcharles,2026-04-01,DJDC-5,37.4,4.728
Rivière Saint-Charles,saintcharles,2026-04-02,DJDC-5,41.2,4.922
Rivière Saint-Charles,saintcharles,2026-04-03,DJDC-5,46.5,8.977
Rivière Saint-Charles,saintcharles,2026-04-04,DJDC-5,51.7,12.59
Rivière Saint-Charles,saintcharles,2026-04-05,DJDC-5,59.9,23.67
Rivière Saint-Charles,saintcharles,2026-04-06,DJDC-5,62.8,28.68
Rivière Saint-Charles,saintcharles,2026-04-07,DJDC-5,62.2,25.46
Rivière Saint-Charles,saintcharles,2026-04-08,DJDC-5,62.1,21.96
Rivière Saint-Charles,saintcharles,2026-04-09,DJDC-5,73.8,19.4
Rivière Saint-Charles,saintcharles,2026-04-10,DJDC-5,83.7,17.58
Rivière Saint-Charles,saintcharles,2026-04-11,DJDC-5,91.6,19.03
Rivière Saint-Charles,saintcharles,2026-04-12,DJDC-5,98.8,21.78
Rivière Saint-Charles,saintcharles,2026-04-13,DJDC-5,109.1,21.78
Rivière Saint-Charles,saintcharles,2026-04-14,DJDC-5,111.2,37.87
Rivière Saint-Charles,saintcharles,2026-04-15,DJDC-5,120.5,45.73
Rivière Saint-Charles,saintcharles,2026-04-16,DJDC-5,128.2,45.4
Rivière Saint-Charles,saintcharles,2026-04-17,DJDC-5,142.8,62.49
Rivière Saint-Charles,saintcharles,2026-04-18,DJDC-5,159.0,76.71
Rivière Saint-Charles,saintcharles,2026-04-19,DJDC-5,168.5,94.46
Rivière Saint-Charles,saintcharles,2026-04-20,DJDC-5,171.9,103.8
Rivière Saint-Charles,saintcharles,2026-04-21,DJDC-5,179.186,81.07
Rivière Saint-Charles,saintcharles,2026-04-22,DJDC-5,188.9,50.12
Rivière Saint-Charles,saintcharles,2026-04-23,DJDC-5,196.5,36.69
Rivière Saint-Charles,saintcharles,2026-04-24,DJDC-5,204.7,27.49
Rivière Saint-Charles,saintcharles,2026-04-25,DJDC-5,215.3,23.09
Rivière Saint-Charles,saintcharles,2026-04-26,DJDC-5,230.3,24.38
Rivière Saint-Charles,saintcharles,2026-04-27,DJDC-5,248.0,30.36
Rivière Saint-Charles,saintcharles,2026-04-28,DJDC-5,265.2,37.1
Rivière Saint-Charles,saintcharles,2026-04-29,DJDC-5,283.9,42.46
Rivière Saint-Charles,saintcharles,2026-04-30,DJDC-5,296.6,45.27
Rivière Saint-Charles,saintcharles,2026-05-01,DJDC-5,305.6,54.19
Rivière Saint-Charles,saintcharles,2026-05-02,DJDC-5,314.0,48.04
Rivière Saint-Charles,saintcharles,2026-05-03,DJDC-5,323.8,35.08
Rivière Saint-Charles,saintcharles,2026-05-04,DJDC-5,332.8,27.02
Rivière Saint-Charles,saintcharles,2026-05-05,DJDC-5,350.0,17.66
Rivière Saint-Charles,saintcharles,2026-05-06,DJDC-5,362.4,25.06
Rivière Saint-Charles,saintcharles,2026-05-07,DJDC-5,374.6,29.45
Rivière Saint-Charles,saintcharles,2026-05-08,DJDC-5,386.3,22.0
Rivière Saint-Charles,saintcharles,2026-05-09,DJDC-5,400.3,18.31
Rivière Saint-Charles,saintcharles,2026-05-10,DJDC-5,417.5,13.66
Rivière Saint-Charles,saintcharles,2026-05-11,DJDC-5,429.7,15.29
Rivière Saint-Charles,saintcharles,2026-05-12,DJDC-5,440.5,12.13
Rivière Saint-Charles,saintcharles,2026-05-13,DJDC-5,452.3,8.159
Rivière Saint-Charles,saintcharles,2026-05-14,DJDC-5,466.1,12.13
Rivière Saint-Charles,saintcharles,2026-05-15,DJDC-5,486.562,11.75
